destinataire;projet;horodatage;date_debut;date_fin;nb_lignes
DGT;DTS;2026-08-04T16:31:32;2026-01-01;2026-12-31;200
SIREN;Effectif_RCD;Effectif_H_rem_annuelle_globale;Effectif_F_rem_annuelle_globale;Effectif_H_taux_horaire_global;Effectif_F_taux_horaire_global;Effectif_H_rem_annuelle_variable;Effectif_F_rem_annuelle_variable;Rem_globale_annuelle_moyenne_ecart;Rem_globale_annuelle_moyenne_F;Rem_globale_annuelle_moyenne_H;Taux_horaire_global_moyen_ecart;Taux_horaire_global_moyen_F;Taux_horaire_global_moyen_H;Rem_variable_annuelle_moyenne_ecart;Rem_variable_annuelle_moyenne_F;Rem_variable_annuelle_moyenne_H;Taux_horaire_variable_moyen_ecart;Taux_horaire_variable_moyen_F;Taux_horaire_variable_moyen_H;Rem_globale_annuelle_mediane_ecart;Rem_globale_annuelle_mediane_F;Rem_globale_annuelle_mediane_H;Taux_horaire_global_median_ecart;Taux_globale_annuelle_mediane_F;Taux_globale_annuelle_mediane_H;Rem_variable_annuelle_mediane_ecart;Rem_variable_annuelle_mediane_F;Rem_variable_annuelle_mediane_H;Taux_horaire_variable_median_ecart;Taux_horaire_variable_median_F ;Taux_horaire_variable_median_H;Proportion_variable_F;Proportion_variable_H;Seuil_Q1_Rem_globale;Seuil_Q2_Rem_globale;Seuil_Q3_Rem_globale;Quartile1_Rem_globale_annuelle_nb_F;Quartile2_Rem_globale_annuelle_nb_F;Quartile3_Rem_globale_annuelle_nb_F;Quartile4_Rem_globale_annuelle_nb_F;Quartile1_Rem_globale_annuelle_nb_H;Quartile2_Rem_globale_annuelle_nb_H;Quartile3_Rem_globale_annuelle_nb_H;Quartile4_Rem_globale_annuelle_nb_H;Quartile1_Rem_globale_annuelle_proportion_F;Quartile2_Rem_globale_annuelle_proportion_F;Quartile3_Rem_globale_annuelle_proportion_F;Quartile4_Rem_globale_annuelle_proportion_F;Quartile1_Rem_globale_annuelle_proportion_H;Quartile2_Rem_globale_annuelle_proportion_H;Quartile3_Rem_globale_annuelle_proportion_H;Quartile4_Rem_globale_annuelle_proportion_H;Seuil_Q1_Taux_horaire_global;Seuil_Q2_Taux_horaire_global;Seuil_Q3_Taux_horaire_global;Quartile1_Taux_horaire_global_nb_F;Quartile2_Taux_horaire_global_nb_F;Quartile3_Taux_horaire_global_nb_F;Quartile4_Taux_horaire_global_nb_F;Quartile1_Taux_horaire_global_nb_H;Quartile2_Taux_horaire_global_nb_H;Quartile3_Taux_horaire_global_nb_H;Quartile4_Taux_horaire_global_nb_H;Quartile1_Taux_horaire_global_proportion_F;Quartile2_Taux_horaire_global_proportion_F;Quartile3_Taux_horaire_global_proportion_F;Quartile4_Taux_horaire_global_proportion_F;Quartile1_Taux_horaire_global_proportion_H;Quartile2_Taux_horaire_global_proportion_H;Quartile3_Taux_horaire_global_proportion_H;Quartile4_Taux_horaire_global_proportion_H;indice;indice_nature_exo;indice_unite;indice_ratio_suspensions;indice_ratio_arrets;indice_arrets_0;indice_quotite250;indice_quotite0;indice_rem_extremes;indice_taux_extremes
969502004;70,00;37;33;33;31;15;12;0,0174;41593,31;42331,11;0,0174;22,85;23,26;-0,0359;693,32;669,31;-0,0359;0,38;0,37;0,0237;38762,93;39702,79;0,0245;21,30;21,83;0,0288;733,48;755,22;0,0288;0,40;0,41;0,3636;0,4054;21910,31;37621,65;41748,11;11;8;7;7;7;10;10;10;0,6111;0,4444;0,4118;0,4118;0,3889;0,5556;0,5882;0,5882;12,04;20,67;22,94;10;7;7;7;6;9;9;9;0,6250;0,4375;0,4375;0,4375;0,3750;0,5625;0,5625;0,5625;0,5380;0,3598;0,2805;0,0835;0,1413;0,0090;0,1561;0,1644;0,1146;0,0498
452454440;70,00;52;18;50;16;14;4;0,0566;36786,38;38993,44;0,0566;20,21;21,42;0,0606;314,51;334,78;0,0606;0,17;0,18;0,0639;38805,95;41455,14;0,0749;21,32;23,05;-0,0713;351,33;327,94;-0,0713;0,19;0,18;0,2222;0,2692;23748,67;29603,27;35880,81;5;4;4;5;12;14;13;13;0,2941;0,2222;0,2353;0,2778;0,7059;0,7778;0,7647;0,7222;13,05;16,27;19,71;5;3;4;4;12;13;12;13;0,2941;0,1875;0,2500;0,2353;0,7059;0,8125;0,7500;0,7647;0,9766;0,0892;0,2128;0,2099;0,0446;0,0206;0,0490;0,1309;0,3191;0,0103
444182075;70,00;34;36;31;35;22;18;0,0104;45708,89;46190,06;0,0104;25,11;25,38;0,0369;478,17;496,47;0,0369;0,26;0,27;0,0251;46698,13;47899,31;0,0263;25,66;26,35;0,1475;436,43;511,95;0,1475;0,24;0,28;0,5000;0,6471;27614,66;34033,05;42009,62;11;9;8;8;7;8;10;9;0,6111;0,5294;0,4444;0,4706;0,3889;0,4706;0,5556;0,5294;15,17;18,70;23,08;10;9;7;9;6;8;9;8;0,6250;0,5294;0,4375;0,5294;0,3750;0,4706;0,5625;0,4706;0,7805;0,4943;0,0492;0,0513;0,1122;0,0146;0,1184;0,0869;0,3974;0,0343
439793811;70,00;54;16;51;15;10;3;0,0104;31699,15;32033,45;0,0104;17,42;17,60;0,0584;374,87;398,11;0,0584;0,21;0,22;0,0033;30678,59;30779,61;0,0171;16,86;17,15;0,0422;343,48;358,61;0,0422;0,19;0,20;0,1875;0,1852;20469,29;24436,55;29630,38;5;3;4;4;13;14;13;14;0,2778;0,1765;0,2353;0,2222;0,7222;0,8235;0,7647;0,7778;11,25;13,43;16,28;5;3;4;3;12;14;12;13;0,2941;0,1765;0,2500;0,1875;0,7059;0,8235;0,7500;0,8125;0,8977;0,2197;0,0462;0,2603;0,1051;0,0420;0,2684;0,0900;0,1393;0,0309
400165635;70,00;33;37;32;36;16;18;0,0066;35100,59;35334,55;0,0066;19,29;19,41;0,0008;791,61;792,25;0,0008;0,43;0,44;-0,0067;32681,97;32464,61;0,0069;17,96;18,08;0,0242;833,56;854,23;0,0242;0,46;0,47;0,4865;0,4848;24673,81;30500,63;36264,66;11;10;8;8;6;8;9;10;0,6471;0,5556;0,4706;0,4444;0,3529;0,4444;0,5294;0,5556;13,56;16,76;19,93;10;10;8;8;6;7;9;10;0,6250;0,5882;0,4706;0,4444;0,3750;0,4118;0,5294;0,5556;0,9594;0,3130;0,0988;0,2534;0,0303;0,0183;0,0060;0,0171;0,6153;0,0363
540019478;70,00;46;24;39;21;14;6;0,0534;36495,77;38553,58;0,0534;20,05;21,18;0,1090;229,92;258,06;0,1090;0,13;0,14;0,0615;36897,31;39315,10;0,0644;20,27;21,67;-0,0642;249,57;234,52;-0,0642;0,14;0,13;0,2500;0,3043;24414,88;30980,15;38118,26;7;6;6;5;11;11;12;12;0,3889;0,3529;0,3333;0,2941;0,6111;0,6471;0,6667;0,7059;13,41;17,02;20,94;6;5;5;5;9;10;10;10;0,4000;0,3333;0,3333;0,3333;0,6000;0,6667;0,6667;0,6667;0,7600;0,2740;0,1942;0,1312;0,0270;0,0002;0,0445;0,1886;0,0658;0,0435
432491777;70,00;35;35;33;31;20;20;0,0241;39075,61;40039,46;0,0241;21,47;22,00;0,0129;324,12;328,37;0,0129;0,18;0,18;0,0337;41991,54;43457,77;0,0303;23,07;23,79;-0,0593;352,94;333,18;-0,0593;0,19;0,18;0,5714;0,5714;26464,84;32248,21;37451,57;9;9;8;9;8;9;9;9;0,5294;0,5000;0,4706;0,5000;0,4706;0,5000;0,5294;0,5000;14,54;17,72;20,58;8;8;7;8;8;8;9;8;0,5000;0,5000;0,4375;0,5000;0,5000;0,5000;0,5625;0,5000;0,5108;0,1984;0,1014;0,0852;0,1666;0,0268;0,0615;0,1889;0,9045;0,0133
432678480;70,00;52;18;48;16;16;5;0,0065;38072,44;38320,19;0,0065;20,92;21,06;0,0285;415,23;427,41;0,0285;0,23;0,23;0,0086;39213,25;39554,13;0,0083;21,55;21,73;0,0329;473,40;489,52;0,0329;0,26;0,27;0,2778;0,3077;25035,05;29190,16;39328,42;5;5;3;5;12;12;15;13;0,2941;0,2941;0,1667;0,2778;0,7059;0,7059;0,8333;0,7222;13,76;16,04;21,61;4;5;3;4;11;11;14;12;0,2667;0,3125;0,1765;0,2500;0,7333;0,6875;0,8235;0,7500;0,7611;0,4184;0,1854;0,2603;0,1383;0,0075;0,0860;0,1923;0,4623;0,0137
413567132;70,00;34;36;32;35;18;19;-0,0143;44973,32;44339,36;-0,0143;24,71;24,36;-0,0347;406,57;392,94;-0,0347;0,22;0,22;0,0014;44972,65;45036,09;-0,0072;24,71;24,53;-0,0278;396,95;386,20;-0,0278;0,22;0,21;0,5278;0,5294;27631,07;37398,24;44497,79;10;9;8;9;8;8;9;9;0,5556;0,5294;0,4706;0,5000;0,4444;0,4706;0,5294;0,5000;15,18;20,55;24,45;9;9;8;9;8;8;8;8;0,5294;0,5294;0,5000;0,5294;0,4706;0,4706;0,5000;0,4706;0,5415;0,0164;0,0811;0,2100;0,0539;0,0428;0,1878;0,1818;0,8437;0,0173
502705502;70,00;58;12;54;11;14;3;0,0760;32825,89;35526,62;0,0760;18,04;19,52;0,1110;276,92;311,49;0,1110;0,15;0,17;0,0863;30772,72;33680,12;0,0830;16,91;18,44;-0,1307;311,70;275,66;-0,1307;0,17;0,15;0,2500;0,2414;18181,06;25104,23;34393,46;3;2;4;3;14;15;14;15;0,1765;0,1176;0,2222;0,1667;0,8235;0,8824;0,7778;0,8333;9,99;13,79;18,90;3;2;4;2;13;14;13;14;0,1875;0,1250;0,2353;0,1250;0,8125;0,8750;0,7647;0,8750;0,8600;0,3993;0,1128;0,0613;0,1571;0,0253;0,0414;0,0165;0,7339;0,0216
348762006;70,00;32;38;30;35;23;22;0,0004;44656,59;44673,94;0,0004;24,54;24,55;0,0355;373,96;387,71;0,0355;0,21;0,21;-0,0144;42808,15;42199,53;0,0067;23,52;23,68;0,0220;385,50;394,16;0,0220;0,21;0,22;0,5789;0,7188;24171,56;39509,93;44868,35;11;8;10;9;6;10;8;8;0,6471;0,4444;0,5556;0,5294;0,3529;0,5556;0,4444;0,4706;13,28;21,71;24,65;10;7;9;9;6;9;7;8;0,6250;0,4375;0,5625;0,5294;0,3750;0,5625;0,4375;0,4706;0,8729;0,1255;0,2588;0,1367;0,0365;0,0321;0,1523;0,0377;0,8099;0,0044
848861175;70,00;58;12;55;11;15;2;0,0788;36791,25;39939,86;0,0788;20,21;21,94;0,0571;380,46;403,48;0,0571;0,21;0,22;0,0731;38729,32;41785,31;0,0678;21,28;22,83;0,1211;382,53;435,22;0,1211;0,21;0,24;0,1667;0,2586;23532,28;31833,49;37960,33;4;2;4;2;13;16;14;15;0,2353;0,1111;0,2222;0,1176;0,7647;0,8889;0,7778;0,8824;12,93;17,49;20,86;4;1;4;2;13;15;13;14;0,2353;0,0625;0,2353;0,1250;0,7647;0,9375;0,7647;0,8750;0,8263;0,0324;0,2703;0,2290;0,1316;0,0405;0,0161;0,1173;0,5215;0,0241
499870715;70,00;35;35;33;30;18;16;0,0030;39488,65;39606,18;0,0030;21,70;21,76;-0,0208;314,57;308,15;-0,0208;0,17;0,17;0,0199;40915,12;41744,57;-0,0059;22,48;22,35;0,0569;325,71;345,37;0,0569;0,18;0,19;0,4571;0,5143;23463,66;28085,52;40140,38;10;8;8;9;8;9;9;9;0,5556;0,4706;0,4706;0,5000;0,4444;0,5294;0,5294;0,5000;12,89;15,43;22,06;8;7;7;8;8;8;9;8;0,5000;0,4667;0,4375;0,5000;0,5000;0,5333;0,5625;0,5000;0,9082;0,2396;0,0025;0,2731;0,0124;0,0258;0,1460;0,1364;0,5274;0,0305
488421116;70,00;48;22;47;22;17;7;0,0016;35914,71;35971,48;0,0016;19,73;19,76;0,0283;570,27;586,85;0,0283;0,31;0,32;-0,0174;38747,39;38086,46;0,0012;21,29;21,32;-0,0257;634,30;618,40;-0,0257;0,35;0,34;0,3182;0,3542;23569,15;27537,10;38421,78;6;7;5;4;12;11;12;13;0,3333;0,3889;0,2941;0,2353;0,6667;0,6111;0,7059;0,7647;12,95;15,13;21,11;6;6;6;4;11;11;12;13;0,3529;0,3529;0,3333;0,2353;0,6471;0,6471;0,6667;0,7647;0,5676;0,1197;0,1863;0,1123;0,1271;0,0487;0,1229;0,1585;0,7025;0,0008
521791343;70,00;34;36;33;33;18;18;0,0147;45326,52;46004,51;0,0147;24,90;25,28;0,0033;747,25;749,73;0,0033;0,41;0,41;0,0159;45069,87;45797,72;0,0339;24,76;25,63;0,1260;673,87;771,00;0,1260;0,37;0,42;0,5000;0,5294;23688,33;38129,46;48723,03;10;9;9;8;8;8;8;10;0,5556;0,5294;0,5294;0,4444;0,4444;0,4706;0,4706;0,5556;13,02;20,95;26,77;9;8;9;7;8;8;8;9;0,5294;0,5000;0,5294;0,4375;0,4706;0,5000;0,4706;0,5625;0,8329;0,3541;0,1700;0,1640;0,1260;0,0448;0,2315;0,0000;0,0574;0,0048
503813677;70,00;47;23;40;22;13;5;0,0965;25297,78;28000,79;0,0965;13,90;15,39;0,0382;214,46;222,99;0,0382;0,12;0,12;0,0855;24673,20;26979,85;0,1052;13,56;15,15;-0,1628;224,28;192,88;-0,1628;0,12;0,11;0,2174;0,2766;17507,01;22902,54;29966,60;7;6;5;5;11;12;12;12;0,3889;0,3333;0,2941;0,2941;0,6111;0,6667;0,7059;0,7059;9,62;12,58;16,47;7;5;5;5;9;10;11;10;0,4375;0,3333;0,3125;0,3333;0,5625;0,6667;0,6875;0,6667;0,8590;0,1410;0,2770;0,2830;0,0862;0,0298;0,1015;0,1332;0,9299;0,0446
400063814;70,00;34;36;31;31;17;18;-0,0246;38414,26;37493,68;-0,0246;21,11;20,60;0,0267;738,51;758,74;0,0267;0,41;0,42;-0,0446;41339,61;39576,24;-0,0184;22,71;22,30;0,1248;761,43;869,99;0,1248;0,42;0,48;0,5000;0,5000;20626,07;33468,17;35423,14;11;9;8;8;6;9;9;10;0,6471;0,5000;0,4706;0,4444;0,3529;0,5000;0,5294;0,5556;11,33;18,39;19,46;9;7;8;7;6;9;8;8;0,6000;0,4375;0,5000;0,4667;0,4000;0,5625;0,5000;0,5333;0,6548;0,2553;0,1094;0,1338;0,0352;0,0285;0,2699;0,1318;0,5135;0,0444
815376801;70,00;51;19;48;18;14;5;0,0556;36122,63;38250,30;0,0556;19,85;21,02;0,0618;358,34;381,94;0,0618;0,20;0,21;0,0635;33264,10;35519,38;0,0512;18,28;19,26;-0,0394;339,70;326,82;-0,0394;0,19;0,18;0,2632;0,2745;20082,25;31740,46;36575,89;5;5;5;4;13;12;12;14;0,2778;0,2941;0,2941;0,2222;0,7222;0,7059;0,7059;0,7778;11,03;17,44;20,10;4;5;5;4;12;12;12;12;0,2500;0,2941;0,2941;0,2500;0,7500;0,7059;0,7059;0,7500;0,6667;0,1750;0,1848;0,1403;0,1632;0,0042;0,0598;0,0691;0,8404;0,0429
411858046;70,00;32;38;29;38;17;19;0,0195;38681,34;39452,49;0,0195;21,25;21,68;-0,0252;621,31;606,03;-0,0252;0,34;0,33;0,0224;41167,96;42111,83;0,0066;22,62;22,77;0,2033;534,59;671,02;0,2033;0,29;0,37;0,5000;0,5313;20475,82;31834,27;39631,91;10;10;9;9;7;7;9;9;0,5882;0,5882;0,5000;0,5000;0,4118;0,4118;0,5000;0,5000;11,25;17,49;21,78;10;11;9;8;7;6;8;8;0,5882;0,6471;0,5294;0,5000;0,4118;0,3529;0,4706;0,5000;0,6104;0,4601;0,1164;0,2110;0,1072;0,0220;0,0973;0,0744;0,3192;0,0322
520566860;70,00;47;23;44;22;14;6;0,0762;35637,19;38575,38;0,0762;19,58;21,20;0,0725;368,22;397,00;0,0725;0,20;0,22;0,0735;34050,28;36752,97;0,0589;18,71;19,88;0,0383;330,06;343,21;0,0383;0,18;0,19;0,2609;0,2979;20222,83;29617,92;40625,43;7;5;5;6;11;12;13;11;0,3889;0,2941;0,2778;0,3529;0,6111;0,7059;0,7222;0,6471;11,11;16,27;22,32;7;5;4;6;10;12;12;10;0,4118;0,2941;0,2500;0,3750;0,5882;0,7059;0,7500;0,6250;0,6428;0,2921;0,0792;0,0338;0,1689;0,0189;0,0354;0,1897;0,0415;0,0376
809703598;70,00;34;36;34;32;22;21;-0,0072;33284,32;33047,11;-0,0072;18,29;18,16;-0,0343;408,41;394,87;-0,0343;0,22;0,22;-0,0114;30733,11;30385,71;-0,0255;16,89;16,47;-0,0034;394,05;392,73;-0,0034;0,22;0,22;0,5833;0,6471;19171,04;23241,35;36102,75;11;9;8;8;6;9;10;9;0,6471;0,5000;0,4444;0,4706;0,3529;0,5000;0,5556;0,5294;10,53;12,77;19,84;10;8;7;7;6;9;10;9;0,6250;0,4706;0,4118;0,4375;0,3750;0,5294;0,5882;0,5625;0,9348;0,1230;0,2119;0,1527;0,1646;0,0106;0,0005;0,1683;0,8627;0,0466
853995629;70,00;56;14;53;12;23;5;0,0989;26694,71;29625,38;0,0989;14,67;16,28;0,0551;442,83;468,63;0,0551;0,24;0,26;0,1113;24622,08;27704,93;0,0890;13,53;14,85;0,0090;446,22;450,26;0,0090;0,25;0,25;0,3571;0,4107;15273,51;22363,21;31996,41;6;4;2;2;11;14;15;16;0,3529;0,2222;0,1176;0,1111;0,6471;0,7778;0,8824;0,8889;8,39;12,29;17,58;6;3;2;1;10;14;14;15;0,3750;0,1765;0,1250;0,0625;0,6250;0,8235;0,8750;0,9375;0,9667;0,4748;0,2305;0,0442;0,0721;0,0141;0,0207;0,1276;0,5166;0,0300
508436110;70,00;34;36;33;33;22;20;0,0262;40365,50;41449,92;0,0262;22,18;22,77;-0,0124;650,28;642,32;-0,0124;0,36;0,35;0,0430;37799,17;39495,78;0,0143;20,77;21,07;0,0981;597,78;662,84;0,0981;0,33;0,36;0,5556;0,6471;25772,24;33645,16;40841,47;10;9;8;9;8;9;9;8;0,5556;0,5000;0,4706;0,5294;0,4444;0,5000;0,5294;0,4706;14,16;18,49;22,44;8;8;8;9;8;8;9;8;0,5000;0,5000;0,4706;0,5294;0,5000;0,5000;0,5294;0,4706;0,9302;0,4273;0,1457;0,2335;0,0294;0,0229;0,1959;0,0801;0,1849;0,0489
384030961;70,00;47;23;42;23;19;8;0,0076;32938,23;33190,65;0,0076;18,10;18,24;0,0755;220,70;238,73;0,0755;0,12;0,13;0,0164;32115,39;32651,16;0,0018;17,65;17,68;-0,2104;250,98;207,35;-0,2104;0,14;0,11;0,3478;0,4043;22893,36;28151,10;32924,61;7;6;5;5;11;12;12;12;0,3889;0,3333;0,2941;0,2941;0,6111;0,6667;0,7059;0,7059;12,58;15,47;18,09;7;5;6;5;10;11;10;11;0,4118;0,3125;0,3750;0,3125;0,5882;0,6875;0,6250;0,6875;0,6261;0,0191;0,2393;0,0269;0,1467;0,0275;0,1359;0,0671;0,6106;0,0296
852579994;70,00;36;34;34;31;21;20;-0,0224;45504,45;44509,32;-0,0224;25,00;24,46;0,0019;631,86;633,03;0,0019;0,35;0,35;-0,0260;44856,66;43719,78;-0,0309;24,65;23,91;-0,1000;665,89;605,37;-0,1000;0,37;0,33;0,5882;0,5833;23943,25;36894,02;47097,73;9;9;8;8;9;9;9;9;0,5000;0,5000;0,4706;0,4706;0,5000;0,5000;0,5294;0,5294;13,16;20,27;25,88;8;8;7;8;8;8;9;9;0,5000;0,5000;0,4375;0,4706;0,5000;0,5000;0,5625;0,5294;0,6235;0,0302;0,1818;0,0056;0,0259;0,0363;0,0505;0,0476;0,1641;0,0192
377745666;70,00;46;24;42;23;15;7;0,0283;32819,87;33776,40;0,0283;18,03;18,56;0,1101;466,52;524,24;0,1101;0,26;0,29;0,0380;33990,09;35333,90;0,0433;18,68;19,52;0,0418;465,02;485,32;0,0418;0,26;0,27;0,2917;0,3261;21051,47;27937,33;32255,98;8;6;5;5;10;11;13;12;0,4444;0,3529;0,2778;0,2941;0,5556;0,6471;0,7222;0,7059;11,57;15,35;17,72;7;6;5;5;9;10;12;11;0,4375;0,3750;0,2941;0,3125;0,5625;0,6250;0,7059;0,6875;0,9014;0,0430;0,2628;0,2156;0,1670;0,0121;0,0356;0,1678;0,3726;0,0283
800661225;70,00;32;38;32;38;17;18;0,0080;38245,10;38553,18;0,0080;21,01;21,18;0,0212;315,36;322,20;0,0212;0,17;0,18;-0,0087;36387,12;36072,79;0,0228;19,99;20,46;0,0217;295,13;301,68;0,0217;0,16;0,17;0,4737;0,5313;26959,23;32087,10;36602,37;10;9;8;11;8;8;9;7;0,5556;0,5294;0,4706;0,6111;0,4444;0,4706;0,5294;0,3889;14,81;17,63;20,11;10;9;8;11;7;9;9;7;0,5882;0,5000;0,4706;0,6111;0,4118;0,5000;0,5294;0,3889;0,5858;0,2885;0,1382;0,1779;0,0707;0,0245;0,1427;0,0980;0,6270;0,0109
424653566;70,00;50;20;43;20;7;3;0,0382;36284,48;37725,39;0,0382;19,94;20,73;0,1239;291,07;332,22;0,1239;0,16;0,18;0,0197;34998,41;35703,04;0,0382;19,23;19,99;0,2983;253,52;361,32;0,2983;0,14;0,20;0,1500;0,1400;22456,09;28185,70;38628,77;5;5;5;5;12;13;13;12;0,2941;0,2778;0,2778;0,2941;0,7059;0,7222;0,7222;0,7059;12,34;15,49;21,22;5;4;5;6;10;12;11;10;0,3333;0,2500;0,3125;0,3750;0,6667;0,7500;0,6875;0,6250;0,7565;0,0404;0,0816;0,0712;0,1613;0,0231;0,0394;0,0572;0,5920;0,0365
530018639;70,00;33;37;30;36;19;20;0,0004;47407,35;47425,46;0,0004;26,05;26,06;-0,0204;771,33;755,94;-0,0204;0,42;0,42;0,0052;47456,78;47706,91;-0,0086;26,08;25,85;-0,0204;879,82;862,25;-0,0204;0,48;0,47;0,5405;0,5758;30571,26;42471,98;44984,50;12;8;8;9;6;9;9;9;0,6667;0,4706;0,4706;0,5000;0,3333;0,5294;0,5294;0,5000;16,80;23,34;24,72;11;8;8;9;6;8;8;8;0,6471;0,5000;0,5000;0,5294;0,3529;0,5000;0,5000;0,4706;0,8979;0,4970;0,2411;0,2577;0,1202;0,0452;0,1124;0,1113;0,0398;0,0184
510929201;70,00;57;13;49;12;16;3;0,0790;33957,41;36870,71;0,0790;18,66;20,26;0,0332;278,95;288,51;0,0332;0,15;0,16;0,0960;36366,20;40227,81;0,0732;19,98;21,56;0,1803;264,74;322,97;0,1803;0,15;0,18;0,2308;0,2807;23921,90;27472,85;35631,74;3;3;4;3;15;14;14;14;0,1667;0,1765;0,2222;0,1765;0,8333;0,8235;0,7778;0,8235;13,14;15,09;19,58;3;3;3;3;13;12;12;12;0,1875;0,2000;0,2000;0,2000;0,8125;0,8000;0,8000;0,8000;0,6201;0,1299;0,1236;0,0681;0,1920;0,0079;0,1687;0,1644;0,3202;0,0454
834780892;70,00;32;38;31;35;11;12;0,0190;42618,68;43442,57;0,0190;23,42;23,87;-0,0387;575,47;554,02;-0,0387;0,32;0,30;0,0145;43410,66;44048,62;0,0042;23,85;23,95;0,0297;597,85;616,14;0,0297;0,33;0,34;0,3158;0,3438;23460,74;31074,03;39396,84;9;9;10;10;8;9;7;8;0,5294;0,5000;0,5882;0,5556;0,4706;0,5000;0,4118;0,4444;12,89;17,07;21,65;9;8;9;9;8;9;7;7;0,5294;0,4706;0,5625;0,5625;0,4706;0,5294;0,4375;0,4375;0,6121;0,1313;0,2065;0,1418;0,0962;0,0487;0,1606;0,0126;0,8501;0,0255
699804266;70,00;50;20;44;18;13;5;0,0854;26889,89;29401,78;0,0854;14,77;16,15;0,1011;530,87;590,55;0,1011;0,29;0,32;0,0863;26200,54;28674,56;0,0835;14,40;15,71;0,2158;462,43;589,71;0,2158;0,25;0,32;0,2500;0,2600;19069,81;21364,94;26602,42;5;5;4;6;12;13;13;12;0,2941;0,2778;0,2353;0,3333;0,7059;0,7222;0,7647;0,6667;10,48;11,74;14,62;5;4;4;5;11;11;12;10;0,3125;0,2667;0,2500;0,3333;0,6875;0,7333;0,7500;0,6667;0,6073;0,4585;0,0596;0,2091;0,1650;0,0258;0,1839;0,0685;0,6238;0,0285
519877708;70,00;37;33;33;31;16;13;0,0164;39193,63;39846,40;0,0164;21,53;21,89;0,0365;510,94;530,27;0,0365;0,28;0,29;0,0062;38064,37;38300,30;0,0273;20,91;21,50;0,1511;440,93;519,41;0,1511;0,24;0,29;0,3939;0,4324;26490,95;33168,11;39508,02;9;9;7;8;9;8;10;10;0,5000;0,5294;0,4118;0,4444;0,5000;0,4706;0,5882;0,5556;14,56;18,22;21,71;8;9;7;7;8;7;9;9;0,5000;0,5625;0,4375;0,4375;0,5000;0,4375;0,5625;0,5625;0,8769;0,2858;0,1483;0,2474;0,1244;0,0195;0,0715;0,1375;0,8821;0,0467
402761787;70,00;49;21;47;21;8;3;0,0358;36265,82;37613,44;0,0358;19,93;20,67;0,1317;237,63;273,66;0,1317;0,13;0,15;0,0399;35047,72;36503,13;0,0500;19,26;20,27;0,1588;224,41;266,78;0,1588;0,12;0,15;0,1429;0,1633;26289,62;32916,15;39371,18;5;6;6;4;13;12;11;13;0,2778;0,3333;0,3529;0,2353;0,7222;0,6667;0,6471;0,7647;14,44;18,09;21,63;5;5;7;4;12;12;11;12;0,2941;0,2941;0,3889;0,2500;0,7059;0,7059;0,6111;0,7500;0,9094;0,4282;0,1814;0,0168;0,1868;0,0168;0,1828;0,0663;0,4584;0,0398
807489414;70,00;33;37;32;33;13;13;0,0110;45085,32;45588,09;0,0110;24,77;25,05;0,0007;350,93;351,17;0,0007;0,19;0,19;0,0163;48174,44;48971,87;0,0204;26,47;27,02;-0,0419;328,45;315,22;-0,0419;0,18;0,17;0,3514;0,3939;23286,62;32099,54;48073,46;10;9;8;10;8;8;9;8;0,5556;0,5294;0,4706;0,5556;0,4444;0,4706;0,5294;0,4444;12,79;17,64;26,41;9;8;7;9;7;8;9;8;0,5625;0,5000;0,4375;0,5294;0,4375;0,5000;0,5625;0,4706;0,9718;0,2398;0,1415;0,1128;0,0171;0,0494;0,1726;0,0168;0,1529;0,0040
489154294;70,00;59;11;57;10;17;3;0,0272;29461,71;30284,31;0,0272;16,19;16,64;0,1185;311,37;353,22;0,1185;0,17;0,19;0,0442;29195,83;30546,22;0,0234;16,04;16,43;0,1288;270,93;311,00;0,1288;0,15;0,17;0,2727;0,2881;20998,91;24728,91;33308,80;4;3;2;2;14;14;15;16;0,2222;0,1765;0,1176;0,1111;0,7778;0,8235;0,8824;0,8889;11,54;13,59;18,30;4;3;1;2;13;14;15;15;0,2353;0,1765;0,0625;0,1176;0,7647;0,8235;0,9375;0,8824;0,9600;0,3038;0,1287;0,0833;0,1398;0,0106;0,0556;0,1328;0,8806;0,0190
428737605;70,00;32;38;30;34;15;17;-0,0243;35700,85;34852,63;-0,0243;19,62;19,15;0,0102;494,36;499,44;0,0102;0,27;0,27;-0,0434;35431,96;33958,76;-0,0388;19,47;18,74;0,2025;434,16;544,42;0,2025;0,24;0,30;0,4474;0,4688;21007,22;24601,67;36692,38;11;10;8;9;7;8;9;8;0,6111;0,5556;0,4706;0,5294;0,3889;0,4444;0,5294;0,4706;11,54;13,52;20,16;10;9;7;8;6;7;9;8;0,6250;0,5625;0,4375;0,5000;0,3750;0,4375;0,5625;0,5000;0,7110;0,2559;0,2906;0,2351;0,1126;0,0095;0,1353;0,0315;0,8396;0,0478
692037021;70,00;52;18;45;16;7;2;0,0728;36582,74;39455,77;0,0728;20,10;21,68;0,0660;456,76;489,03;0,0660;0,25;0,27;0,0896;39481,54;43369,46;0,0741;21,69;23,43;0,1122;429,70;484,01;0,1122;0,24;0,27;0,1111;0,1346;23295,10;29597,09;37726,04;5;4;6;3;12;14;12;14;0,2941;0,2222;0,3333;0,1765;0,7059;0,7778;0,6667;0,8235;12,80;16,26;20,73;5;3;5;3;11;12;10;12;0,3125;0,2000;0,3333;0,2000;0,6875;0,8000;0,6667;0,8000;0,7099;0,2684;0,1983;0,2813;0,0812;0,0372;0,1647;0,0886;0,0469;0,0149
542019237;70,00;38;32;36;29;22;18;-0,0167;47534,55;46752,01;-0,0167;26,12;25,69;0,0234;540,95;553,89;0,0234;0,30;0,30;0,0006;50905,91;50937,11;-0,0355;27,97;27,01;0,1632;515,59;616,16;0,1632;0,28;0,34;0,5625;0,5789;28428,60;34852,39;42373,46;9;9;8;6;8;9;10;11;0,5294;0,5000;0,4444;0,3529;0,4706;0,5000;0,5556;0,6471;15,62;19,15;23,28;8;8;7;6;8;8;9;11;0,5000;0,5000;0,4375;0,3529;0,5000;0,5000;0,5625;0,6471;0,9870;0,0478;0,1100;0,0390;0,0375;0,0099;0,0714;0,1933;0,2464;0,0160
343982567;70,00;49;21;45;21;13;4;0,0107;30178,09;30505,73;0,0107;16,58;16,76;0,1302;416,41;478,77;0,1302;0,23;0,26;-0,0064;30917,44;30720,82;-0,0059;16,99;16,89;0,3361;364,99;549,76;0,3361;0,20;0,30;0,1905;0,2653;19487,44;23621,72;32022,75;6;5;4;6;12;12;14;11;0,3333;0,2941;0,2222;0,3529;0,6667;0,7059;0,7778;0,6471;10,71;12,98;17,59;6;5;4;6;11;11;12;11;0,3529;0,3125;0,2500;0,3529;0,6471;0,6875;0,7500;0,6471;0,6698;0,0660;0,1867;0,1807;0,1422;0,0356;0,0066;0,0642;0,4545;0,0346
542034327;129,00;70;59;61;58;45;29;-0,0063;46291,76;46004,18;-0,0063;25,44;25,28;-0,0039;600,03;597,69;-0,0039;0,33;0,33;0,0130;43425,55;43997,45;0,0080;23,86;24,05;-0,1849;602,62;508,59;-0,1849;0,33;0,28;0,4915;0,6429;31251,45;40087,50;43273,34;14;18;14;13;18;15;18;19;0,4375;0,5455;0,4375;0,4063;0,5625;0,4545;0,5625;0,5938;17,17;22,03;23,78;15;18;13;12;15;13;16;17;0,5000;0,5806;0,4483;0,4138;0,5000;0,4194;0,5517;0,5862;0,9497;0,4485;0,0104;0,2643;0,0699;0,0150;0,2271;0,1871;0,4765;0,0461
403609779;122,00;51;71;47;70;10;13;-0,0177;30900,05;30362,16;-0,0177;16,98;16,68;0,0377;164,19;170,62;0,0377;0,09;0,09;-0,0042;28899,38;28778,05;0,0008;15,88;15,89;0,2279;141,02;182,65;0,2279;0,08;0,10;0,1831;0,1961;18914,91;24380,25;31446,71;18;19;16;18;13;12;14;12;0,5806;0,6129;0,5333;0,6000;0,4194;0,3871;0,4667;0,4000;10,39;13,40;17,28;17;19;16;18;12;11;13;11;0,5862;0,6333;0,5517;0,6207;0,4138;0,3667;0,4483;0,3793;0,5700;0,1747;0,2430;0,0352;0,1277;0,0014;0,0333;0,1855;0,0416;0,0393
775675598;142,00;75;67;71;64;40;31;0,0148;35481,00;36012,77;0,0148;19,50;19,79;-0,0487;602,80;574,78;-0,0487;0,33;0,32;-0,0022;35305,57;35228,10;0,0199;19,40;19,79;-0,3198;683,97;518,24;-0,3198;0,38;0,28;0,4627;0,5333;18359,19;31831,08;38216,72;17;15;17;18;18;20;19;18;0,4857;0,4286;0,4722;0,5000;0,5143;0,5714;0,5278;0,5000;10,09;17,49;21,00;17;15;15;17;17;19;19;16;0,5000;0,4412;0,4412;0,5152;0,5000;0,5588;0,5588;0,4848;0,7135;0,0683;0,2830;0,2974;0,1364;0,0359;0,1891;0,0838;0,0250;0,0141
899697957;133,00;38;95;35;93;8;18;0,0120;24125,22;24418,69;0,0120;13,26;13,42;0,1670;249,29;299,27;0,1670;0,14;0,16;0,0265;23135,14;23764,11;0,0151;12,71;12,91;0,2113;214,35;271,79;0,2113;0,12;0,15;0,1895;0,2105;15323,86;21485,99;23290,50;27;23;24;21;7;10;9;12;0,7941;0,6970;0,7273;0,6364;0,2059;0,3030;0,2727;0,3636;8,42;11,81;12,80;26;23;23;21;6;9;9;11;0,8125;0,7188;0,7188;0,6563;0,1875;0,2813;0,2813;0,3438;0,5931;0,4158;0,0475;0,0515;0,1495;0,0222;0,0958;0,0113;0,5720;0,0332
775682024;109,00;52;57;47;49;33;31;-0,0068;34466,19;34232,37;-0,0068;18,94;18,81;-0,0292;377,55;366,83;-0,0292;0,21;0,20;-0,0247;33462,15;32656,96;-0,0075;18,39;18,25;0,0615;367,40;391,48;0,0615;0,20;0,22;0,5439;0,6346;20351,76;30713,97;34930,70;16;14;14;13;11;14;13;14;0,5926;0,5000;0,5185;0,4815;0,4074;0,5000;0,4815;0,5185;11,18;16,88;19,19;13;12;13;11;10;12;11;14;0,5652;0,5000;0,5417;0,4400;0,4348;0,5000;0,4583;0,5600;0,6956;0,4728;0,1315;0,1639;0,0907;0,0138;0,1535;0,0683;0,8545;0,0138
378047500;126,00;50;76;47;72;4;7;0,0262;29327,69;30116,85;0,0262;16,11;16,55;0,1349;271,88;314,29;0,1349;0,15;0,17;0,0209;27963,42;28561,21;0,0191;15,36;15,66;0,1461;292,23;342,25;0,1461;0,16;0,19;0,0921;0,0800;18020,65;26367,80;28640,48;18;20;20;18;14;12;11;13;0,5625;0,6250;0,6452;0,5806;0,4375;0,3750;0,3548;0,4194;9,90;14,49;15,74;17;19;19;17;13;11;11;12;0,5667;0,6333;0,6333;0,5862;0,4333;0,3667;0,3667;0,4138;0,7250;0,1942;0,0806;0,2590;0,0230;0,0196;0,2179;0,0099;0,7153;0,0335
804354264;113,00;58;55;52;55;24;24;0,0231;39022,57;39945,25;0,0231;21,44;21,95;-0,0435;482,41;462,30;-0,0435;0,27;0,25;0,0319;41477,06;42841,79;0,0287;22,79;23,46;0,2165;412,66;526,66;0,2165;0,23;0,29;0,4364;0,4138;21385,74;28440,13;37314,13;13;16;14;12;15;13;14;16;0,4643;0,5517;0,5000;0,4286;0,5357;0,4483;0,5000;0,5714;11,75;15,63;20,50;13;15;15;12;14;12;12;14;0,4815;0,5556;0,5556;0,4615;0,5185;0,4444;0,4444;0,5385;0,9300;0,4711;0,1145;0,2599;0,1905;0,0335;0,0551;0,1567;0,0650;0,0278
331790436;131,00;44;87;43;84;5;8;0,0253;24424,67;25058,99;0,0253;13,42;13,77;0,1660;186,32;223,42;0,1660;0,10;0,12;0,0302;24525,13;25288,18;0,0275;13,48;13,86;0,0352;189,40;196,31;0,0352;0,10;0,11;0,0920;0,1136;13567,44;18162,21;24141,37;22;22;19;24;11;11;13;9;0,6667;0,6667;0,5938;0,7273;0,3333;0,3333;0,4063;0,2727;7,45;9,98;13,26;21;21;19;23;10;11;13;9;0,6774;0,6563;0,5938;0,7188;0,3226;0,3438;0,4063;0,2813;0,9161;0,4356;0,0342;0,2823;0,1892;0,0423;0,0585;0,0977;0,3161;0,0246
833859986;142,00;69;73;59;64;39;35;0,0134;39618,15;40154,47;0,0134;21,77;22,06;0,0052;491,01;493,55;0,0052;0,27;0,27;0,0317;37196,76;38415,24;0,0065;20,44;20,57;0,1037;452,92;505,31;0,1037;0,25;0,28;0,4795;0,5652;20475,94;33467,22;37319,40;18;17;19;19;17;18;17;17;0,5143;0,4857;0,5278;0,5278;0,4857;0,5143;0,4722;0,4722;11,25;18,39;20,51;17;15;16;16;14;16;15;14;0,5484;0,4839;0,5161;0,5333;0,4516;0,5161;0,4839;0,4667;0,5662;0,4113;0,0689;0,0311;0,0254;0,0146;0,0885;0,1135;0,6802;0,0112
501527303;123,00;50;73;44;64;11;16;0,0530;23998,09;25341,53;0,0530;13,19;13,92;0,1636;175,95;210,36;0,1636;0,10;0,12;0,0407;25873,37;26970,85;0,0507;14,22;14,98;0,1274;193,57;221,83;0,1274;0,11;0,12;0,2192;0,2200;15874,32;19911,14;27371,22;17;19;18;19;14;11;13;12;0,5484;0,6333;0,5806;0,6129;0,4516;0,3667;0,4194;0,3871;8,72;10,94;15,04;15;17;16;16;12;10;11;11;0,5556;0,6296;0,5926;0,5926;0,4444;0,3704;0,4074;0,4074;0,9798;0,1694;0,0837;0,0688;0,0164;0,0490;0,1431;0,0270;0,6542;0,0225
822949293;112,00;59;53;55;49;21;18;-0,0064;45680,99;45390,30;-0,0064;25,10;24,94;-0,0378;738,87;711,93;-0,0378;0,41;0,39;-0,0082;43172,42;42822,44;-0,0234;23,72;23,18;-0,0491;760,58;724,98;-0,0491;0,42;0,40;0,3396;0,3559;22899,76;37972,51;43717,96;14;16;11;12;15;12;16;16;0,4828;0,5714;0,4074;0,4286;0,5172;0,4286;0,5926;0,5714;12,58;20,86;24,02;12;15;11;11;14;11;15;15;0,4615;0,5769;0,4231;0,4231;0,5385;0,4231;0,5769;0,5769;0,8173;0,4665;0,2859;0,1704;0,0431;0,0310;0,0711;0,1102;0,0116;0,0123
511709677;143,00;53;90;50;78;3;4;-0,0160;29952,87;29482,47;-0,0160;16,46;16,20;0,1712;238,85;288,17;0,1712;0,13;0,16;-0,0077;27583,10;27371,63;-0,0175;15,16;14,89;0,2758;237,62;328,11;0,2758;0,13;0,18;0,0444;0,0566;20487,77;25104,55;29821,29;22;24;23;21;14;11;13;15;0,6111;0,6857;0,6389;0,5833;0,3889;0,3143;0,3611;0,4167;11,26;13,79;16,39;19;21;20;18;13;10;12;15;0,5938;0,6774;0,6250;0,5455;0,4063;0,3226;0,3750;0,4545;0,7372;0,4947;0,2946;0,1449;0,1076;0,0367;0,0016;0,0184;0,0253;0,0072
997536818;137,00;63;74;58;63;30;29;-0,0237;41358,59;40401,89;-0,0237;22,72;22,20;-0,0274;425,38;414,04;-0,0274;0,23;0,23;-0,0437;41206,45;39482,95;-0,0183;22,64;22,23;-0,0974;422,02;384,58;-0,0974;0,23;0,21;0,3919;0,4762;21288,53;34847,94;40617,41;20;20;16;18;14;14;19;16;0,5882;0,5882;0,4571;0,5294;0,4118;0,4118;0,5429;0,4706;11,70;19,15;22,32;17;17;13;16;14;12;18;14;0,5484;0,5862;0,4194;0,5333;0,4516;0,4138;0,5806;0,4667;0,6465;0,0767;0,2289;0,1664;0,0651;0,0442;0,2791;0,1190;0,7402;0,0259
500492004;115,00;37;78;37;74;5;9;0,0630;26316,81;28085,65;0,0630;14,46;15,43;0,1844;158,62;194,48;0,1844;0,09;0,11;0,0493;27432,54;28853,96;0,0788;15,07;16,36;0,0719;174,05;187,53;0,0719;0,10;0,10;0,1154;0,1351;15437,94;25170,26;27394,72;24;18;18;18;5;11;10;11;0,8276;0,6207;0,6429;0,6207;0,1724;0,3793;0,3571;0,3793;8,48;13,83;15,05;23;16;18;17;5;11;10;11;0,8214;0,5926;0,6429;0,6071;0,1786;0,4074;0,3571;0,3929;0,7503;0,1689;0,1937;0,1619;0,1750;0,0347;0,1903;0,0955;0,3800;0,0036
380744870;110,00;55;55;53;54;35;37;-0,0029;43568,13;43443,78;-0,0029;23,94;23,87;-0,0048;724,38;720,93;-0,0048;0,40;0,40;0,0033;41862,45;42000,67;-0,0014;23,00;22,97;-0,0740;766,25;713,43;-0,0740;0,42;0,39;0,6727;0,6364;29152,06;34340,73;40739,44;15;13;15;12;12;15;12;16;0,5556;0,4643;0,5556;0,4286;0,4444;0,5357;0,4444;0,5714;16,02;18,87;22,38;15;12;15;12;12;14;12;15;0,5556;0,4615;0,5556;0,4444;0,4444;0,5385;0,4444;0,5556;0,7332;0,1434;0,0625;0,0176;0,1081;0,0119;0,0120;0,1713;0,5800;0,0185
434704201;125,00;44;81;38;69;7;12;0,0694;21877,10;23509,57;0,0694;12,02;12,92;0,1696;112,58;135,57;0,1696;0,06;0,07;0,0518;22669,52;23908,05;0,0827;12,46;13,58;0,2787;108,61;150,58;0,2787;0,06;0,08;0,1481;0,1591;12179,45;16572,36;23792,67;21;22;17;21;10;9;14;11;0,6774;0,7097;0,5484;0,6563;0,3226;0,2903;0,4516;0,3438;6,69;9,11;13,07;19;18;14;18;8;8;13;9;0,7037;0,6923;0,5185;0,6667;0,2963;0,3077;0,4815;0,3333;0,5669;0,4913;0,0178;0,0834;0,1196;0,0268;0,2407;0,1968;0,3022;0,0269
841219702;134,00;73;61;68;60;45;29;0,0292;45429,41;46795,64;0,0292;24,96;25,71;-0,0102;703,47;696,36;-0,0102;0,39;0,38;0,0117;45973,69;46520,03;0,0155;25,26;25,66;-0,0636;673,77;633,48;-0,0636;0,37;0,35;0,4754;0,6164;26974,45;37389,00;48144,40;17;16;13;15;17;18;20;18;0,5000;0,4706;0,3939;0,4545;0,5000;0,5294;0,6061;0,5455;14,82;20,54;26,45;17;15;13;15;16;17;18;17;0,5152;0,4688;0,4194;0,4688;0,4848;0,5313;0,5806;0,5313;0,9363;0,2338;0,1891;0,0599;0,1166;0,0109;0,0569;0,1656;0,3368;0,0306
797610730;130,00;43;87;42;81;2;4;0,0116;31306,17;31672,39;0,0116;17,20;17,40;0,0266;369,54;379,63;0,0266;0,20;0,21;-0,0005;31517,61;31503,43;0,0276;17,32;17,81;0,1726;357,75;432,38;0,1726;0,20;0,24;0,0460;0,0465;21476,47;27179,22;34632,53;21;23;20;23;11;10;13;9;0,6563;0,6970;0,6061;0,7188;0,3438;0,3030;0,3939;0,2813;11,80;14,93;19,03;20;21;19;21;10;10;12;10;0,6667;0,6774;0,6129;0,6774;0,3333;0,3226;0,3871;0,3226;0,7997;0,1823;0,2134;0,2793;0,1713;0,0320;0,2076;0,1332;0,1939;0,0324
341515047;100,00;48;52;46;47;18;21;0,0241;45476,48;46599,78;0,0241;24,99;25,60;-0,0152;656,66;646,80;-0,0152;0,36;0,36;0,0428;44458,48;46448,38;0,0167;24,43;24,84;-0,0192;580,39;569,45;-0,0192;0,32;0,31;0,4038;0,3750;29798,21;41129,47;46897,67;14;14;10;14;11;11;14;12;0,5600;0,5600;0,4167;0,5385;0,4400;0,4400;0,5833;0,4615;16,37;22,60;25,77;12;13;10;12;11;11;13;11;0,5217;0,5417;0,4348;0,5217;0,4783;0,4583;0,5652;0,4783;0,8306;0,0637;0,1676;0,2421;0,0827;0,0054;0,2473;0,0736;0,4570;0,0129
791016108;123,00;38;85;37;72;7;15;0,0725;21203,63;22861,57;0,0725;11,65;12,56;0,1206;245,12;278,73;0,1206;0,13;0,15;0,0658;21871,27;23412,13;0,0633;12,02;12,83;0,0777;232,42;251,99;0,0777;0,13;0,14;0,1765;0,1842;15252,41;18338,20;21161,09;26;21;18;20;5;9;13;11;0,8387;0,7000;0,5806;0,6452;0,1613;0,3000;0,4194;0,3548;8,38;10,08;11,63;22;18;15;17;5;9;12;11;0,8148;0,6667;0,5556;0,6071;0,1852;0,3333;0,4444;0,3929;0,7044;0,3959;0,0253;0,2839;0,1777;0,0285;0,0250;0,0061;0,2786;0,0425
442154456;233,00;82;151;74;147;38;68;-0,1040;43927,86;39788,86;-0,1040;24,14;21,86;-0,1806;1215,75;1029,78;-0,1806;0,67;0,57;-0,0963;47353,48;43195,73;-0,0864;26,02;23,95;-0,0645;1259,35;1183,09;-0,0645;0,69;0,65;0,4503;0,4634;20634,43;28085,11;40683,73;44;32;35;40;13;27;24;18;0,7719;0,5424;0,5932;0,6897;0,2281;0,4576;0,4068;0,3103;11,34;15,43;22,35;44;31;34;38;11;24;22;17;0,8000;0,5636;0,6071;0,6909;0,2000;0,4364;0,3929;0,3091;0,8290;0,4326;0,1451;0,2835;0,0243;0,0201;0,0788;0,1588;0,4786;0,0375
351322722;155,00;111;44;97;38;40;14;0,0231;28525,47;29200,96;0,0231;15,67;16,04;0,0137;450,91;457,18;0,0137;0,25;0,25;0,0224;27033,20;27653,83;0,0064;14,85;14,95;-0,1113;515,65;464,01;-0,1113;0,28;0,25;0,3182;0,3604;18789,52;22090,93;26319,82;16;12;8;8;23;27;30;31;0,4103;0,3077;0,2105;0,2051;0,5897;0,6923;0,7895;0,7949;10,32;12,14;14,46;13;11;7;7;21;23;26;27;0,3824;0,3235;0,2121;0,2059;0,6176;0,6765;0,7879;0,7941;0,7091;0,1510;0,1250;0,1748;0,0358;0,0265;0,0412;0,0253;0,2251;0,0147
433464997;209,00;97;112;97;100;36;32;-0,0624;40827,44;38428,04;-0,0624;22,43;21,11;-0,2521;878,09;701,30;-0,2521;0,48;0,39;-0,0633;38806,67;36495,84;-0,0731;21,32;19,87;-0,1366;817,72;719,42;-0,1366;0,45;0,40;0,2857;0,3711;22459,08;33223,26;39112,43;32;23;22;35;19;30;31;17;0,6275;0,4340;0,4151;0,6731;0,3725;0,5660;0,5849;0,3269;12,34;18,25;21,49;29;21;19;31;19;30;32;16;0,6042;0,4118;0,3725;0,6596;0,3958;0,5882;0,6275;0,3404;0,9367;0,2025;0,2596;0,0869;0,0365;0,0354;0,1577;0,0126;0,2946;0,0431
377791223;153,00;106;47;99;43;43;18;0,0400;29382,90;30608,49;0,0400;16,14;16,82;0,0802;320,51;348,45;0,0802;0,18;0,19;0,0238;30825,65;31578,43;0,0224;16,94;17,32;0,0831;343,44;374,59;0,0831;0,19;0,21;0,3830;0,4057;21327,00;25111,39;28534,96;12;14;9;12;27;24;29;26;0,3077;0,3684;0,2368;0,3158;0,6923;0,6316;0,7632;0,6842;11,72;13,80;15,68;10;13;9;11;25;23;26;25;0,2857;0,3611;0,2571;0,3056;0,7143;0,6389;0,7429;0,6944;0,5257;0,3589;0,1211;0,1976;0,0108;0,0342;0,1071;0,1131;0,0847;0,0254
327753281;176,00;79;97;77;89;26;26;-0,0812;48688,21;45030,00;-0,0812;26,75;24,74;-0,2432;1242,07;999,05;-0,2432;0,68;0,55;-0,1008;49842,66;45277,87;-0,0639;27,39;25,74;-0,3721;1320,23;962,18;-0,3721;0,73;0,53;0,2680;0,3291;24575,14;40212,80;41687,89;24;23;19;31;20;21;25;13;0,5455;0,5227;0,4318;0,7045;0,4545;0,4773;0,5682;0,2955;13,50;22,09;22,91;21;22;18;28;20;20;24;13;0,5122;0,5238;0,4286;0,6829;0,4878;0,4762;0,5714;0,3171;0,5857;0,4092;0,2149;0,2583;0,1994;0,0440;0,0409;0,0566;0,5034;0,0260
552146425;156,00;127;29;124;25;41;9;0,0543;27402,08;28976,02;0,0543;15,06;15,92;0,0010;428,29;428,70;0,0010;0,24;0,24;0,0472;26892,36;28224,70;0,0464;14,78;15,49;0,0200;436,74;445,66;0,0200;0,24;0,24;0,3103;0,3228;15466,04;26004,86;28059,35;8;4;8;9;31;34;32;30;0,2051;0,1053;0,2000;0,2308;0,7949;0,8947;0,8000;0,7692;8,50;14,29;15,42;7;4;7;7;30;34;30;30;0,1892;0,1053;0,1892;0,1892;0,8108;0,8947;0,8108;0,8108;0,9458;0,1385;0,1167;0,0234;0,1102;0,0380;0,1112;0,1844;0,2834;0,0276
378619209;168,00;54;114;52;112;27;52;-0,1067;45679,40;41276,55;-0,1067;25,10;22,68;-0,1059;1079,16;975,86;-0,1059;0,59;0,54;-0,1131;48345,30;43432,40;-0,1128;26,56;23,87;0,1669;934,08;1121,22;0,1669;0,51;0,62;0,4561;0,5000;22818,50;32244,04;38757,58;28;26;27;33;14;17;15;8;0,6667;0,6047;0,6429;0,8049;0,3333;0,3953;0,3571;0,1951;12,54;17,72;21,30;27;25;27;33;14;16;15;7;0,6585;0,6098;0,6429;0,8250;0,3415;0,3902;0,3571;0,1750;0,8330;0,3752;0,0032;0,2485;0,1020;0,0130;0,2496;0,1502;0,5679;0,0015
301364824;228,00;183;45;180;42;49;11;0,0649;33882,98;36236,37;0,0649;18,62;19,91;0,0800;532,59;578,88;0,0800;0,29;0,32;0,0568;33963,88;36007,54;0,0764;18,66;20,21;0,0812;465,32;506,44;0,0812;0,26;0,28;0,2444;0,2678;21922,47;31402,14;34335,97;16;14;5;10;41;43;52;47;0,2807;0,2456;0,0877;0,1754;0,7193;0,7544;0,9123;0,8246;12,05;17,25;18,87;17;12;4;9;38;44;51;47;0,3091;0,2143;0,0727;0,1607;0,6909;0,7857;0,9273;0,8393;0,6132;0,3396;0,2710;0,2515;0,1066;0,0385;0,0183;0,0203;0,3621;0,0101
492842729;203,00;66;137;58;120;29;59;-0,1356;45796,91;40327,53;-0,1356;25,16;22,16;-0,2636;1031,06;815,97;-0,2636;0,57;0,45;-0,1139;44994,90;40393,73;-0,1569;24,72;21,37;-0,0978;936,41;852,96;-0,0978;0,51;0,47;0,4307;0,4394;21435,07;34798,33;43361,61;39;29;28;41;11;22;23;10;0,7800;0,5686;0,5490;0,8039;0,2200;0,4314;0,4510;0,1961;11,78;19,12;23,83;35;27;23;35;9;18;22;9;0,7955;0,6000;0,5111;0,7955;0,2045;0,4000;0,4889;0,2045;0,8685;0,0849;0,1267;0,0264;0,0968;0,0114;0,2008;0,0364;0,8342;0,0055
491498291;153,00;120;33;105;32;31;7;0,0455;37729,17;39526,26;0,0455;20,73;21,72;0,0495;245,88;258,68;0,0495;0,14;0,14;0,0564;36663,42;38855,42;0,0575;20,14;21,37;0,0757;226,81;245,38;0,0757;0,12;0,13;0,2121;0,2583;26649,58;29312,30;43306,65;11;6;9;7;26;33;30;31;0,2973;0,1538;0,2308;0,1842;0,7027;0,8462;0,7692;0,8158;14,64;16,11;23,79;11;6;8;7;23;29;26;27;0,3235;0,1714;0,2353;0,2059;0,6765;0,8286;0,7647;0,7941;0,5231;0,0491;0,2897;0,0363;0,0692;0,0420;0,2345;0,1844;0,5052;0,0057
602058653;167,00;62;105;58;90;28;40;-0,0508;44670,61;42512,44;-0,0508;24,54;23,36;-0,1622;847,23;728,98;-0,1622;0,47;0,40;-0,0557;46115,90;43683,48;-0,0650;25,34;23,79;-0,3922;938,36;674,01;-0,3922;0,52;0,37;0,3810;0,4516;29504,35;30424,01;43393,39;25;24;22;34;16;18;20;8;0,6098;0,5714;0,5238;0,8095;0,3902;0,4286;0,4762;0,1905;16,21;16,72;23,84;21;19;20;30;16;18;17;7;0,5676;0,5135;0,5405;0,8108;0,4324;0,4865;0,4595;0,1892;0,8008;0,3317;0,2338;0,0595;0,0094;0,0116;0,1833;0,1646;0,8986;0,0486
753625268;233,00;182;51;182;49;43;11;0,0328;29585,70;30590,41;0,0328;16,26;16,81;0,0719;451,57;486,55;0,0719;0,25;0,27;0,0517;30138,64;31780,95;0,0287;16,56;17,05;0,2390;399,36;524,75;0,2390;0,22;0,29;0,2157;0,2363;16133,29;21600,51;28806,76;13;17;9;12;46;42;48;46;0,2203;0,2881;0,1579;0,2069;0,7797;0,7119;0,8421;0,7931;8,86;11,87;15,83;12;16;9;12;46;42;48;46;0,2069;0,2759;0,1579;0,2069;0,7931;0,7241;0,8421;0,7931;0,7187;0,3378;0,2933;0,1116;0,1523;0,0276;0,1106;0,1406;0,6051;0,0052
393602685;198,00;64;134;64;130;36;67;-0,0659;39464,29;37024,21;-0,0659;21,68;20,34;-0,1905;954,88;802,06;-0,1905;0,52;0,44;-0,0656;40574,51;38076,53;-0,0710;22,29;20,82;-0,2290;1051,52;855,59;-0,2290;0,58;0,47;0,5000;0,5625;20722,36;32938,10;37895,69;36;33;31;34;13;17;19;15;0,7347;0,6600;0,6200;0,6939;0,2653;0,3400;0,3800;0,3061;11,39;18,10;20,82;36;31;29;34;13;17;20;14;0,7347;0,6458;0,5918;0,7083;0,2653;0,3542;0,4082;0,2917;0,6613;0,4726;0,1308;0,0676;0,1515;0,0430;0,2665;0,0432;0,2344;0,0414
493473003;230,00;179;51;175;48;70;17;0,0759;33461,69;36209,97;0,0759;18,39;19,90;0,0837;546,40;596,33;0,0837;0,30;0,33;0,0879;33935,71;37205,88;0,0571;18,65;19,77;0,2315;475,02;618,09;0,2315;0,26;0,34;0,3333;0,3911;21181,93;29717,51;34951,47;15;18;8;10;43;41;48;47;0,2586;0,3051;0,1429;0,1754;0,7414;0,6949;0,8571;0,8246;11,64;16,33;19,20;14;17;9;8;42;40;46;47;0,2500;0,2982;0,1636;0,1455;0,7500;0,7018;0,8364;0,8545;0,8660;0,1506;0,0752;0,1324;0,1175;0,0288;0,2438;0,0020;0,8239;0,0165
517780870;182,00;88;94;87;86;36;33;-0,0619;39103,22;36825,15;-0,0619;21,49;20,23;-0,2647;1318,02;1042,15;-0,2647;0,72;0,57;-0,0631;38846,63;36539,82;-0,0485;21,34;20,36;-0,1549;1358,94;1176,65;-0,1549;0,75;0,65;0,3511;0,4091;19397,01;26748,25;33708,79;23;23;19;29;22;23;28;15;0,5111;0,5000;0,4043;0,6591;0,4889;0,5000;0,5957;0,3409;10,66;14,70;18,52;22;20;18;26;20;24;27;16;0,5238;0,4545;0,4000;0,6190;0,4762;0,5455;0,6000;0,3810;0,6484;0,1843;0,0212;0,1575;0,1014;0,0423;0,1821;0,0655;0,3308;0,0470
302208616;195,00;134;61;130;54;43;19;0,0204;36765,55;37532,19;0,0204;20,20;20,62;0,0746;433,81;468,79;0,0746;0,24;0,26;0,0308;38286,46;39501,83;0,0230;21,04;21,53;0,0302;472,56;487,25;0,0302;0,26;0,27;0,3115;0,3209;22231,12;29196,94;35755,12;19;15;14;13;29;34;35;36;0,3958;0,3061;0,2857;0,2653;0,6042;0,6939;0,7143;0,7347;12,21;16,04;19,65;18;13;12;11;27;33;34;36;0,4000;0,2826;0,2609;0,2340;0,6000;0,7174;0,7391;0,7660;0,5927;0,2156;0,1266;0,0350;0,0296;0,0477;0,1575;0,0952;0,6637;0,0002
312285133;154,00;53;101;50;99;27;43;-0,0547;40240,93;38154,30;-0,0547;22,11;20,96;-0,1670;1447,92;1240,67;-0,1670;0,80;0,68;-0,0636;39068,37;36732,16;-0,0561;21,47;20,33;-0,0519;1442,69;1371,57;-0,0519;0,79;0,75;0,4257;0,5094;26344,14;27131,06;36658,94;25;26;24;26;14;13;14;12;0,6410;0,6667;0,6316;0,6842;0,3590;0,3333;0,3684;0,3158;14,47;14,91;20,14;25;25;24;25;13;12;13;12;0,6579;0,6757;0,6486;0,6757;0,3421;0,3243;0,3514;0,3243;0,9474;0,1254;0,2898;0,0534;0,1320;0,0232;0,1480;0,0847;0,4690;0,0154
333784262;155,00;108;47;95;44;36;14;0,0696;28175,25;30281,74;0,0696;15,48;16,64;0,1224;184,62;210,37;0,1224;0,10;0,12;0,0533;26772,12;28280,03;0,0523;14,71;15,52;0,1342;197,75;228,42;0,1342;0,11;0,13;0,2979;0,3333;21008,04;22075,83;30776,87;14;13;9;11;24;26;30;28;0,3684;0,3333;0,2308;0,2821;0,6316;0,6667;0,7692;0,7179;11,54;12,13;16,91;13;12;8;11;20;23;28;24;0,3939;0,3429;0,2222;0,3143;0,6061;0,6571;0,7778;0,6857;0,6000;0,2890;0,2898;0,1017;0,1998;0,0351;0,0155;0,0572;0,5926;0,0456
542015516;205,00;68;137;63;137;41;64;-0,0906;36205,44;33198,72;-0,0906;19,89;18,24;-0,1415;627,17;549,42;-0,1415;0,34;0,30;-0,0817;34902,82;32266,72;-0,0708;19,18;17,91;-0,2459;660,64;530,23;-0,2459;0,36;0,29;0,4672;0,6029;19214,02;25705,92;30581,01;36;33;31;37;15;19;21;13;0,7059;0,6346;0,5962;0,7400;0,2941;0,3654;0,4038;0,2600;10,56;14,12;16,80;35;32;32;38;15;18;18;12;0,7000;0,6400;0,6400;0,7600;0,3000;0,3600;0,3600;0,2400;0,9603;0,2126;0,0801;0,2414;0,1839;0,0067;0,0734;0,0866;0,7445;0,0241
487734691;209,00;155;54;135;54;32;11;0,0595;29867,07;31757,12;0,0595;16,41;17,45;0,0302;317,67;327,55;0,0302;0,17;0,18;0,0635;30021,53;32055,74;0,0637;16,50;17,62;0,0638;285,47;304,93;0,0638;0,16;0,17;0,2037;0,2065;21110,21;25885,70;34455,47;18;12;11;13;33;41;42;39;0,3529;0,2264;0,2075;0,2500;0,6471;0,7736;0,7925;0,7500;11,60;14,22;18,93;19;12;10;13;28;35;37;35;0,4043;0,2553;0,2128;0,2708;0,5957;0,7447;0,7872;0,7292;0,6992;0,2109;0,1589;0,1681;0,0797;0,0204;0,0858;0,1565;0,1055;0,0152
592033930;375,00;233;142;223;142;106;66;0,1160;28748,13;32520,00;0,1160;15,80;17,87;0,1068;533,19;596,95;0,1068;0,29;0,33;0,1125;27926,68;31465,55;0,1010;15,34;17,07;-0,0010;579,72;579,14;-0,0010;0,32;0,32;0,4648;0,4549;21591,86;23028,30;30308,75;43;35;38;26;52;58;56;67;0,4526;0,3763;0,4043;0,2796;0,5474;0,6237;0,5957;0,7204;11,86;12,65;16,65;44;35;38;25;49;56;53;65;0,4731;0,3846;0,4176;0,2778;0,5269;0,6154;0,5824;0,7222;0,9666;0,0841;0,1409;0,0157;0,0106;0,0460;0,2597;0,0886;0,9215;0,0105
808529184;375,00;176;199;170;189;106;101;0,0257;44652,72;45831,75;0,0257;24,53;25,18;0,0421;765,19;798,80;0,0421;0,42;0,44;0,0208;45170,39;46128,74;0,0240;24,82;25,43;-0,0743;797,64;742,45;-0,0743;0,44;0,41;0,5075;0,6023;30240,20;32294,75;49624,49;53;49;45;52;41;45;49;41;0,5638;0,5213;0,4787;0,5591;0,4362;0,4787;0,5213;0,4409;16,62;17,74;27,27;50;48;41;50;40;42;48;40;0,5556;0,5333;0,4607;0,5556;0,4444;0,4667;0,5393;0,4444;0,7436;0,2667;0,0622;0,0911;0,0290;0,0023;0,0381;0,0206;0,1016;0,0365
582120267;375,00;198;177;176;165;88;66;0,0910;34021,86;37426,10;0,0910;18,69;20,56;0,2661;734,24;1000,42;0,2661;0,40;0,55;0,0885;34647,68;38010,41;0,0986;19,04;21,12;0,3761;642,23;1029,32;0,3761;0,35;0,57;0,3729;0,4444;20571,54;26630,84;40467,08;59;43;49;26;36;51;45;66;0,6211;0,4574;0,5213;0,2826;0,3789;0,5426;0,4787;0,7174;11,30;14,63;22,23;54;43;45;23;34;43;41;58;0,6136;0,5000;0,5233;0,2840;0,3864;0,5000;0,4767;0,7160;0,8342;0,3978;0,1058;0,1555;0,1512;0,0139;0,0776;0,1234;0,7592;0,0304
780130175;375,00;192;183;178;182;76;71;-0,0063;42323,05;42059,10;-0,0063;23,25;23,11;0,0059;483,08;485,94;0,0059;0,27;0,27;-0,0124;43799,48;43263,82;-0,0257;24,07;23,46;0,0309;515,07;531,49;0,0309;0,28;0,29;0,3880;0,3958;22801,20;29588,33;43905,30;43;40;50;50;51;54;44;43;0,4574;0,4255;0,5319;0,5376;0,5426;0,5745;0,4681;0,4624;12,53;16,26;24,12;43;42;49;48;47;47;42;42;0,4778;0,4719;0,5385;0,5333;0,5222;0,5281;0,4615;0,4667;0,5865;0,0878;0,1174;0,1613;0,1741;0,0353;0,1003;0,0116;0,8998;0,0220
798019774;375,00;242;133;240;125;52;27;0,0994;37449,64;41581,70;0,0994;20,58;22,85;0,1307;826,53;950,83;0,1307;0,45;0,52;0,0957;38244,95;42291,01;0,0819;21,01;22,89;0,0186;913,20;930,53;0,0186;0,50;0,51;0,2030;0,2149;26838,70;29937,34;42601,92;41;35;38;19;55;59;57;71;0,4271;0,3723;0,4000;0,2111;0,5729;0,6277;0,6000;0,7889;14,75;16,45;23,41;39;35;36;15;54;57;57;72;0,4194;0,3804;0,3871;0,1724;0,5806;0,6196;0,6129;0,8276;0,9853;0,3696;0,2234;0,1993;0,0818;0,0052;0,1626;0,1390;0,8408;0,0036
803822360;375,00;188;187;162;180;117;106;-0,0099;45610,65;45162,97;-0,0099;25,06;24,81;-0,0422;694,27;666,16;-0,0422;0,38;0,37;0,0089;43564,08;43955,05;-0,0230;23,94;23,40;0,0707;697,23;750,29;0,0707;0,38;0,41;0,5668;0,6223;25551,37;36925,97;46601,51;55;41;40;51;39;53;53;43;0,5851;0,4362;0,4301;0,5426;0,4149;0,5638;0,5699;0,4574;14,04;20,29;25,61;54;38;39;49;33;47;45;37;0,6207;0,4471;0,4643;0,5698;0,3793;0,5529;0,5357;0,4302;0,5447;0,3980;0,1596;0,1932;0,1327;0,0135;0,1076;0,1787;0,1429;0,0332
775691132;375,00;215;160;201;149;62;42;0,0958;31973,57;35361,44;0,0958;17,57;19,43;0,1696;418,95;504,50;0,1696;0,23;0,28;0,1123;30307,97;34140,76;0,0845;16,65;18,19;0,2112;378,98;480,48;0,2112;0,21;0,26;0,2625;0,2884;24397,45;31470,25;35990,73;50;42;44;24;45;52;51;67;0,5263;0,4468;0,4632;0,2637;0,4737;0,5532;0,5368;0,7363;13,41;17,29;19,78;47;41;40;21;42;47;48;64;0,5281;0,4659;0,4545;0,2471;0,4719;0,5341;0,5455;0,7529;0,5892;0,3041;0,2113;0,1337;0,1007;0,0198;0,1506;0,0045;0,4766;0,0292
831208640;375,00;205;170;190;162;89;76;0,0095;36489,48;36841,08;0,0095;20,05;20,24;0,0022;327,43;328,16;0,0022;0,18;0,18;-0,0096;35741,46;35403,03;0,0252;19,64;20,15;0,1238;326,11;372,20;0,1238;0,18;0,20;0,4471;0,4341;25344,14;28586,03;38830,14;51;42;33;44;41;52;62;50;0,5543;0,4468;0,3474;0,4681;0,4457;0,5532;0,6526;0,5319;13,93;15,71;21,34;49;39;33;41;38;50;56;46;0,5632;0,4382;0,3708;0,4713;0,4368;0,5618;0,6292;0,5287;0,8501;0,0313;0,1010;0,2152;0,0027;0,0200;0,0775;0,1673;0,1753;0,0226
481125896;375,00;243;132;242;124;108;60;0,0582;37000,47;39288,12;0,0582;20,33;21,59;0,1311;519,03;597,34;0,1311;0,29;0,33;0,0606;35864,04;38175,95;0,0506;19,71;20,76;0,3167;444,34;650,28;0,3167;0,24;0,36;0,4545;0,4444;22209,09;31584,89;41758,97;48;31;36;17;47;62;58;76;0,5053;0,3333;0,3830;0,1828;0,4947;0,6667;0,6170;0,8172;12,20;17,35;22,94;45;31;34;14;47;61;57;77;0,4891;0,3370;0,3736;0,1538;0,5109;0,6630;0,6264;0,8462;0,8102;0,1883;0,2729;0,1985;0,0185;0,0286;0,2567;0,0795;0,9025;0,0241
732058698;375,00;197;178;195;157;120;87;-0,0111;34879,32;34497,54;-0,0111;19,16;18,95;0,0297;327,55;337,58;0,0297;0,18;0,19;-0,0192;35844,29;35168,47;-0,0158;19,69;19,39;0,0788;296,89;322,28;0,0788;0,16;0,18;0,4888;0,6091;21398,56;26196,02;32724,70;48;48;45;37;46;45;49;57;0,5106;0,5161;0,4787;0,3936;0,4894;0,4839;0,5213;0,6064;11,76;14,39;17,98;40;44;40;33;47;43;49;56;0,4598;0,5057;0,4494;0,3708;0,5402;0,4943;0,5506;0,6292;0,7507;0,3287;0,2710;0,1825;0,1640;0,0301;0,1664;0,1525;0,0329;0,0277
383066602;375,00;194;181;179;159;46;39;0,0867;30040,21;32892,02;0,0867;16,51;18,07;0,2064;755,14;951,54;0,2064;0,41;0,52;0,0927;32018,74;35288,23;0,0721;17,59;18,96;0,0711;847,78;912,65;0,0711;0,47;0,50;0,2155;0,2371;21641,33;27937,07;33073,70;60;55;45;21;34;40;49;71;0,6383;0,5789;0,4787;0,2283;0,3617;0,4211;0,5213;0,7717;11,89;15,35;18,17;52;49;40;18;33;36;44;66;0,6118;0,5765;0,4762;0,2143;0,3882;0,4235;0,5238;0,7857;0,5281;0,4211;0,0901;0,0215;0,0236;0,0171;0,2096;0,0428;0,8597;0,0497
812674836;375,00;183;192;176;190;69;57;0,0176;44367,20;45163,92;0,0176;24,38;24,82;-0,0147;325,98;321,25;-0,0147;0,18;0,18;-0,0023;47284,85;47175,78;0,0100;25,98;26,24;0,0113;320,82;324,47;0,0113;0,18;0,18;0,2969;0,3770;25980,83;35626,27;49010,20;54;53;40;45;40;41;53;49;0,5745;0,5638;0,4301;0,4787;0,4255;0,4362;0,5699;0,5213;14,28;19,57;26,93;54;52;38;46;38;40;52;46;0,5870;0,5652;0,4222;0,5000;0,4130;0,4348;0,5778;0,5000;0,5182;0,1017;0,0484;0,1993;0,1862;0,0445;0,2615;0,0917;0,6736;0,0156
480430875;375,00;190;185;186;165;69;58;0,0793;34306,39;37261,05;0,0793;18,85;20,47;0,1230;751,66;857,05;0,1230;0,41;0,47;0,0621;36700,02;39131,73;0,0627;20,16;21,51;0,0797;839,67;912,37;0,0797;0,46;0,50;0,3135;0,3632;23260,06;30287,46;40000,78;50;49;54;32;45;45;42;58;0,5263;0,5213;0,5625;0,3556;0,4737;0,4787;0,4375;0,6444;12,78;16,64;21,98;46;43;48;28;43;45;42;56;0,5169;0,4886;0,5333;0,3333;0,4831;0,5114;0,4667;0,6667;0,8378;0,3415;0,0439;0,1621;0,1477;0,0441;0,2181;0,0607;0,1523;0,0028
353238520;375,00;199;176;189;175;83;70;0,0144;33203,88;33689,67;0,0144;18,24;18,51;0,0141;566,00;574,11;0,0141;0,31;0,32;0,0148;33090,26;33588,21;0,0314;18,18;18,77;0,1059;506,43;566,41;0,1059;0,28;0,31;0,3977;0,4171;20544,56;29748,76;35184,19;49;46;43;38;45;48;51;55;0,5213;0,4894;0,4574;0,4086;0,4787;0,5106;0,5426;0,5914;11,29;16,35;19,33;51;46;41;37;41;46;49;53;0,5543;0,5000;0,4556;0,4111;0,4457;0,5000;0,5444;0,5889;0,6878;0,4599;0,0271;0,1307;0,1282;0,0244;0,1807;0,1415;0,4745;0,0450
491077020;375,00;208;167;195;146;108;70;0,0568;32447,51;34400,67;0,0568;17,83;18,90;0,2375;371,08;486,65;0,2375;0,20;0,27;0,0471;31598,65;33160,93;0,0499;17,36;18,27;0,0799;419,78;456,24;0,0799;0,23;0,25;0,4192;0,5192;20398,64;25203,92;34736,71;62;42;42;21;37;51;52;68;0,6263;0,4516;0,4468;0,2360;0,3737;0,5484;0,5532;0,7640;11,21;13,85;19,09;52;39;35;20;36;47;50;62;0,5909;0,4535;0,4118;0,2439;0,4091;0,5465;0,5882;0,7561;0,5067;0,3167;0,1453;0,1060;0,0655;0,0420;0,0825;0,0560;0,6427;0,0305
402116933;375,00;176;199;172;195;73;69;0,0280;44872,08;46164,68;0,0280;24,65;25,37;-0,0208;355,03;347,79;-0,0208;0,20;0,19;0,0338;47517,28;49181,25;0,0460;26,11;27,37;0,0289;326,56;336,27;0,0289;0,18;0,18;0,3467;0,4148;26343,39;32539,70;46897,84;62;50;42;45;33;44;51;48;0,6526;0,5319;0,4516;0,4839;0,3474;0,4681;0,5484;0,5161;14,47;17,88;25,77;63;48;41;43;31;43;50;48;0,6702;0,5275;0,4505;0,4725;0,3298;0,4725;0,5495;0,5275;0,5523;0,0734;0,1697;0,0958;0,1441;0,0474;0,2841;0,1582;0,1588;0,0149
311305650;375,00;217;158;207;152;87;53;0,0631;29833,11;31841,81;0,0631;16,39;17,50;0,2326;736,53;959,80;0,2326;0,40;0,53;0,0698;31588,52;33959,89;0,0496;17,36;18,26;0,2314;803,99;1046,05;0,2314;0,44;0,57;0,3354;0,4009;17729,28;23211,38;31845,58;46;44;42;26;48;49;51;69;0,4894;0,4731;0,4516;0,2737;0,5106;0,5269;0,5484;0,7263;9,74;12,75;17,50;46;41;41;24;43;49;49;66;0,5169;0,4556;0,4556;0,2667;0,4831;0,5444;0,5444;0,7333;0,5435;0,4977;0,0173;0,2729;0,0904;0,0106;0,0850;0,1712;0,1812;0,0406
389389545;375,00;191;184;164;165;65;50;-0,0003;47558,69;47544,67;-0,0003;26,13;26,12;-0,0390;700,55;674,26;-0,0390;0,38;0,37;-0,0116;49035,73;48473,19;-0,0059;26,94;26,78;-0,1670;733,34;628,38;-0,1670;0,40;0,35;0,2717;0,3403;33014,37;41287,56;45409,03;51;43;43;47;43;51;51;46;0,5426;0,4574;0,4574;0,5054;0,4574;0,5426;0,5426;0,4946;18,14;22,69;24,95;45;39;39;42;38;43;43;40;0,5422;0,4756;0,4756;0,5122;0,4578;0,5244;0,5244;0,4878;0,8780;0,0483;0,1122;0,1516;0,1229;0,0476;0,2719;0,0769;0,7718;0,0336
501604755;375,00;216;159;199;139;86;59;0,0855;38245,89;41822,23;0,0855;21,01;22,98;0,1145;416,84;470,76;0,1145;0,23;0,26;0,1002;38454,09;42737,18;0,0946;21,13;23,33;0,1083;380,80;427,07;0,1083;0,21;0,23;0,3711;0,3981;22536,28;33087,19;41242,44;47;47;42;23;48;47;52;69;0,4947;0,5000;0,4468;0,2500;0,5053;0,5000;0,5532;0,7500;12,38;18,18;22,66;41;42;36;20;43;43;49;64;0,4881;0,4941;0,4235;0,2381;0,5119;0,5059;0,5765;0,7619;0,5449;0,3345;0,2664;0,0289;0,1462;0,0494;0,2089;0,1502;0,6416;0,0056
439008004;375,00;186;189;185;174;119;110;-0,0147;34970,88;34465,13;-0,0147;19,21;18,94;0,0082;584,65;589,50;0,0082;0,32;0,32;-0,0115;35573,20;35167,90;-0,0093;19,55;19,37;0,0315;529,62;546,85;0,0315;0,29;0,30;0,5820;0,6398;19031,99;26606,10;33699,34;59;47;38;45;34;47;56;49;0,6344;0,5000;0,4043;0,4787;0,3656;0,5000;0,5957;0,5213;10,46;14,62;18,52;53;43;35;43;36;47;56;46;0,5955;0,4778;0,3846;0,4831;0,4045;0,5222;0,6154;0,5169;0,9333;0,4461;0,0249;0,0298;0,1072;0,0294;0,1393;0,0411;0,5516;0,0210
327127247;375,00;234;141;222;124;93;43;0,1057;36353,17;40651,54;0,1057;19,97;22,34;0,1269;356,41;408,24;0,1269;0,20;0,22;0,0968;34777,05;38502,61;0,1161;19,11;21,62;0,1355;352,31;407,52;0,1355;0,19;0,22;0,3050;0,3974;21263,02;33154,16;40281,22;33;42;41;25;60;52;53;69;0,3548;0,4468;0,4362;0,2660;0,6452;0,5532;0,5638;0,7340;11,68;18,22;22,13;27;38;38;21;60;48;48;66;0,3103;0,4419;0,4419;0,2414;0,6897;0,5581;0,5581;0,7586;0,9240;0,2280;0,0874;0,2775;0,0359;0,0148;0,0302;0,0707;0,5952;0,0120
431410299;375,00;169;206;156;181;123;127;0,0114;45739,40;46265,29;0,0114;25,13;25,42;0,0014;477,91;478,56;0,0014;0,26;0,26;0,0151;46611,22;47325,66;0,0300;25,61;26,40;-0,1229;533,11;474,78;-0,1229;0,29;0,26;0,6165;0,7278;27962,99;39395,00;48345,10;58;46;50;52;35;48;44;42;0,6237;0,4894;0,5319;0,5532;0,3763;0,5106;0,4681;0,4468;15,36;21,65;26,56;50;42;43;46;33;43;42;38;0,6024;0,4941;0,5059;0,5476;0,3976;0,5059;0,4941;0,4524;0,6922;0,0909;0,2001;0,1339;0,0112;0,0383;0,1884;0,0410;0,3389;0,0344
382402683;375,00;212;163;189;153;96;66;0,1114;31229,35;35145,65;0,1114;17,16;19,31;0,2664;788,40;1074,67;0,2664;0,43;0,59;0,1074;32052,70;35910,62;0,1002;17,61;19,57;0,2704;784,46;1075,26;0,2704;0,43;0,59;0,4049;0,4528;21082,46;28818,28;38355,17;48;47;42;26;48;49;52;63;0,5000;0,4896;0,4468;0,2921;0,5000;0,5104;0,5532;0,7079;11,58;15,83;21,07;45;44;38;26;43;44;47;55;0,5114;0,5000;0,4471;0,3210;0,4886;0,5000;0,5529;0,6790;0,7698;0,1940;0,2384;0,1489;0,0194;0,0072;0,2349;0,1558;0,6064;0,0036
378006027;375,00;172;203;154;189;48;55;-0,0197;41822,55;41013,20;-0,0197;22,98;22,53;-0,0419;630,78;605,42;-0,0419;0,35;0,33;-0,0001;39189,52;39185,97;-0,0060;21,53;21,40;0,0388;548,61;570,75;0,0388;0,30;0,31;0,2709;0,2791;25730,73;29403,77;40437,11;51;57;47;48;43;37;47;45;0,5426;0,6064;0,5000;0,5161;0,4574;0,3936;0,5000;0,4839;14,14;16,16;22,22;47;53;45;44;38;33;41;42;0,5529;0,6163;0,5233;0,5116;0,4471;0,3837;0,4767;0,4884;0,6865;0,1933;0,0142;0,1757;0,1453;0,0279;0,2925;0,0936;0,3199;0,0244
423379338;375,00;235;140;203;120;59;33;0,1177;29013,34;32882,50;0,1177;15,94;18,07;0,2464;865,09;1147,97;0,2464;0,48;0,63;0,1108;30765,99;34601,23;0,1097;16,90;18,99;0,2909;761,22;1073,52;0,2909;0,42;0,59;0,2357;0,2511;20743,83;28218,49;30597,05;39;42;42;17;55;53;52;75;0,4149;0,4421;0,4468;0,1848;0,5851;0,5579;0,5532;0,8152;11,40;15,50;16,81;32;38;37;13;49;44;44;66;0,3951;0,4634;0,4568;0,1646;0,6049;0,5366;0,5432;0,8354;0,6183;0,0738;0,1988;0,1293;0,1542;0,0321;0,1345;0,0729;0,8592;0,0172
834424095;375,00;204;171;195;149;104;78;-0,0097;40835,32;40441,76;-0,0097;22,44;22,22;-0,0005;494,96;494,70;-0,0005;0,27;0,27;-0,0159;42882,80;42212,33;-0,0129;23,56;23,26;0,0688;485,89;521,79;0,0688;0,27;0,29;0,4561;0,5098;22328,01;28787,22;36649,44;56;38;32;45;38;55;61;50;0,5957;0,4086;0,3441;0,4737;0,4043;0,5914;0,6559;0,5263;12,27;15,82;20,14;47;35;29;38;38;51;57;49;0,5529;0,4070;0,3372;0,4368;0,4471;0,5930;0,6628;0,5632;0,5452;0,0978;0,1152;0,2150;0,1773;0,0480;0,2063;0,0674;0,7210;0,0154
480650456;375,00;208;167;198;157;86;61;0,0835;32788,17;35776,44;0,0835;18,02;19,66;0,2630;487,51;661,47;0,2630;0,27;0,36;0,0655;32281,48;34543,69;0,0681;17,74;19,03;0,2190;477,81;611,79;0,2190;0,26;0,34;0,3653;0,4135;23332,71;30954,86;36182,76;45;47;50;25;49;48;45;66;0,4787;0,4947;0,5263;0,2747;0,5213;0,5053;0,4737;0,7253;12,82;17,01;19,88;44;41;48;24;46;48;41;63;0,4889;0,4607;0,5393;0,2759;0,5111;0,5393;0,4607;0,7241;0,9822;0,4329;0,1757;0,0645;0,0432;0,0494;0,1645;0,0280;0,3847;0,0267
341019180;375,00;187;188;172;163;75;60;0,0145;41526,37;42138,86;0,0145;22,82;23,15;0,0488;410,55;431,61;0,0488;0,23;0,24;0,0178;44051,63;44849,26;0,0168;24,20;24,62;0,0085;401,97;405,43;0,0085;0,22;0,22;0,3191;0,4011;22949,91;32829,87;39226,08;57;48;41;42;36;45;54;52;0,6129;0,5161;0,4316;0,4468;0,3871;0,4839;0,5684;0,5532;12,61;18,04;21,55;49;42;36;36;34;41;49;48;0,5904;0,5060;0,4235;0,4286;0,4096;0,4940;0,5765;0,5714;0,6537;0,4051;0,2096;0,0074;0,0277;0,0371;0,0511;0,0835;0,1070;0,0031
383143617;375,00;211;164;181;155;74;52;0,0899;36394,49;39991,63;0,0899;20,00;21,97;0,2755;737,48;1017,93;0,2755;0,41;0,56;0,0956;37561,85;41531,45;0,1029;20,64;23,01;0,2328;710,55;926,17;0,2328;0,39;0,51;0,3171;0,3507;27016,84;33129,78;39901,03;54;45;33;32;42;50;59;60;0,5625;0,4737;0,3587;0,3478;0,4375;0,5263;0,6413;0,6522;14,84;18,20;21,92;50;43;31;31;36;42;51;52;0,5814;0,5059;0,3780;0,3735;0,4186;0,4941;0,6220;0,6265;0,9773;0,0435;0,0797;0,2915;0,0575;0,0328;0,2793;0,1411;0,9451;0,0259
501619878;375,00;195;180;192;157;103;76;0,0011;45572,36;45621,15;0,0011;25,04;25,07;-0,0001;656,12;656,05;-0,0001;0,36;0,36;-0,0148;43533,09;42900,18;-0,0100;23,92;23,68;0,1440;595,40;695,54;0,1440;0,33;0,38;0,4222;0,5282;26219,27;39648,16;48611,23;49;41;44;46;45;52;50;48;0,5213;0,4409;0,4681;0,4894;0,4787;0,5591;0,5319;0,5106;14,41;21,78;26,71;43;35;39;40;43;53;48;48;0,5000;0,3977;0,4483;0,4545;0,5000;0,6023;0,5517;0,5455;0,8621;0,0560;0,0633;0,1035;0,1835;0,0402;0,1607;0,0517;0,7740;0,0383
615920188;375,00;202;173;174;156;84;60;0,0855;31655,70;34617,01;0,0855;17,39;19,02;0,1757;832,73;1010,25;0,1757;0,46;0,56;0,0792;33249,92;36108,76;0,0691;18,27;19,63;0,1843;942,44;1155,35;0,1843;0,52;0,63;0,3468;0,4158;20758,38;30618,12;32609,09;65;43;38;27;34;51;55;62;0,6566;0,4574;0,4086;0,3034;0,3434;0,5426;0,5914;0,6966;11,41;16,82;17,92;59;37;35;25;28;46;46;54;0,6782;0,4458;0,4321;0,3165;0,3218;0,5542;0,5679;0,6835;0,7610;0,4745;0,1866;0,1607;0,0201;0,0207;0,1339;0,1403;0,1539;0,0324
682000328;375,00;204;171;174;158;87;77;-0,0001;45510,71;45506,09;-0,0001;25,01;25,00;-0,0025;417,99;416,94;-0,0025;0,23;0,23;0,0007;46983,84;47016,84;0,0188;25,82;26,31;0,2340;362,40;473,11;0,2340;0,20;0,26;0,4503;0,4265;23556,42;38674,44;44769,97;49;41;34;47;45;52;59;48;0,5213;0,4409;0,3656;0,4947;0,4787;0,5591;0,6344;0,5053;12,94;21,25;24,60;47;40;31;40;37;43;51;43;0,5595;0,4819;0,3780;0,4819;0,4405;0,5181;0,6220;0,5181;0,8028;0,0614;0,0809;0,1386;0,0081;0,0224;0,2852;0,0114;0,2677;0,0469
636420333;375,00;233;142;203;132;95;52;0,0923;27372,09;30154,16;0,0923;15,04;16,57;0,1303;824,96;948,53;0,1303;0,45;0,52;0,0934;29535,04;32578,58;0,0824;16,23;17,68;0,2048;861,03;1082,80;0,2048;0,47;0,59;0,3662;0,4077;20636,24;23563,38;31868,31;52;35;28;27;43;59;65;66;0,5474;0,3723;0,3011;0,2903;0,4526;0,6277;0,6989;0,7097;11,34;12,95;17,51;50;31;29;22;37;53;54;59;0,5747;0,3690;0,3494;0,2716;0,4253;0,6310;0,6506;0,7284;0,6217;0,1585;0,0447;0,0938;0,1606;0,0093;0,2564;0,1436;0,5729;0,0113
442278453;375,00;187;188;169;187;109;87;-0,0239;45624,75;44561,93;-0,0239;25,07;24,48;0,0187;434,13;442,39;0,0187;0,24;0,24;-0,0293;44164,01;42905,46;-0,0041;24,27;24,17;0,0973;442,99;490,72;0,0973;0,24;0,27;0,4628;0,5829;29361,49;38241,61;40952,99;45;43;48;52;49;50;45;43;0,4787;0,4624;0,5161;0,5474;0,5213;0,5376;0,4839;0,4526;16,13;21,01;22,50;44;41;51;51;44;47;39;39;0,5000;0,4659;0,5667;0,5667;0,5000;0,5341;0,4333;0,4333;0,6654;0,2572;0,2061;0,0767;0,1176;0,0334;0,2397;0,1011;0,2479;0,0427
315732842;375,00;243;132;224;128;74;38;0,0648;29369,71;31404,60;0,0648;16,14;17,26;0,1490;636,90;748,42;0,1490;0,35;0,41;0,0516;28201,81;29734,67;0,0822;15,50;16,88;0,1654;545,24;653,32;0,1654;0,30;0,36;0,2879;0,3045;21847,51;23512,58;29473,36;38;43;29;22;56;53;64;70;0,4043;0,4479;0,3118;0,2391;0,5957;0,5521;0,6882;0,7609;12,00;12,92;16,19;34;43;30;21;54;48;57;65;0,3864;0,4725;0,3448;0,2442;0,6136;0,5275;0,6552;0,7558;0,9326;0,3297;0,1225;0,2967;0,1661;0,0097;0,1294;0,1416;0,8283;0,0230
418108171;375,00;194;181;178;170;123;98;-0,0017;33697,86;33639,14;-0,0017;18,52;18,48;0,0047;649,12;652,19;0,0047;0,36;0,36;0,0123;33090,70;33502,10;-0,0171;18,18;17,88;0,0092;595,86;601,37;0,0092;0,33;0,33;0,5414;0,6340;22510,81;29182,75;34808,03;56;43;44;38;38;50;50;56;0,5957;0,4624;0,4681;0,4043;0,4043;0,5376;0,5319;0,5957;12,37;16,03;19,13;52;42;41;35;35;45;47;51;0,5977;0,4828;0,4659;0,4070;0,4023;0,5172;0,5341;0,5930;0,8992;0,0249;0,2535;0,1489;0,0883;0,0405;0,2805;0,1619;0,6084;0,0188
380602060;375,00;238;137;203;136;86;45;0,1097;31171,78;35012,01;0,1097;17,13;19,24;0,1537;531,29;627,79;0,1537;0,29;0,34;0,1077;29856,62;33459,85;0,1089;16,40;18,41;0,2981;489,83;697,89;0,2981;0,27;0,38;0,3285;0,3613;24374,85;28123,97;32183,57;37;43;32;25;57;51;62;68;0,3936;0,4574;0,3404;0,2688;0,6064;0,5426;0,6596;0,7312;13,39;15,45;17,68;38;42;33;23;47;45;52;59;0,4471;0,4828;0,3882;0,2805;0,5529;0,5172;0,6118;0,7195;0,6282;0,2328;0,0135;0,0564;0,1912;0,0399;0,1534;0,1922;0,9294;0,0138
430050799;375,00;177;198;161;177;71;76;-0,0252;44161,44;43077,20;-0,0252;24,26;23,67;-0,0224;434,90;425,38;-0,0224;0,24;0,23;-0,0245;44561,97;43494,98;-0,0256;24,48;23,87;0,0798;420,49;456,95;0,0798;0,23;0,25;0,3838;0,4011;26307,33;35299,28;41977,73;55;52;49;42;38;42;45;52;0,5914;0,5532;0,5213;0,4468;0,4086;0,4468;0,4787;0,5532;14,45;19,40;23,06;51;45;43;38;33;39;41;48;0,6071;0,5357;0,5119;0,4419;0,3929;0,4643;0,4881;0,5581;0,5237;0,4271;0,1715;0,0363;0,0674;0,0187;0,1852;0,0667;0,7589;0,0339
403715725;375,00;234;141;224;126;72;40;0,1054;36004,94;40245,68;0,1054;19,78;22,11;0,2237;736,20;948,41;0,2237;0,40;0,52;0,1000;36052,42;40056,79;0,1022;19,81;22,06;0,0684;817,51;877,52;0,0684;0,45;0,48;0,2837;0,3077;26509,26;32169,16;37335,48;48;32;40;21;47;61;55;71;0,5053;0,3441;0,4211;0,2283;0,4947;0,6559;0,5789;0,7717;14,57;17,68;20,51;42;30;35;19;46;58;53;67;0,4773;0,3409;0,3977;0,2209;0,5227;0,6591;0,6023;0,7791;0,8561;0,1784;0,0186;0,2123;0,1220;0,0431;0,0252;0,0059;0,8188;0,0456
423945799;375,00;174;201;170;182;77;81;-0,0100;44084,96;43646,61;-0,0100;24,22;23,98;0,0437;658,10;688,14;0,0437;0,36;0,38;0,0045;43833,41;44032,56;-0,0121;24,08;23,80;-0,1386;676,71;594,34;-0,1386;0,37;0,33;0,4030;0,4425;21893,28;37448,14;41732,85;65;44;44;48;30;49;49;46;0,6842;0,4731;0,4731;0,5106;0,3158;0,5269;0,5269;0,4894;12,03;20,58;22,93;60;37;42;43;27;51;47;45;0,6897;0,4205;0,4719;0,4886;0,3103;0,5795;0,5281;0,5114;0,7068;0,4438;0,0970;0,1007;0,1714;0,0013;0,2035;0,1500;0,7444;0,0282
318083110;1500,00;1123;377;1054;363;966;276;0,1907;38363,21;47405,48;0,1907;21,08;26,05;0,2204;1585,04;2033,17;0,2204;0,87;1,12;0,1982;37479,59;46744,45;0,2054;20,59;25,92;0,2358;1583,67;2072,33;0,2358;0,87;1,14;0,7321;0,8602;32038,17;41560,47;43498,03;120;83;120;54;261;289;261;312;0,3150;0,2231;0,3150;0,1475;0,6850;0,7769;0,6850;0,8525;17,60;22,84;23,90;117;88;109;49;243;266;248;297;0,3250;0,2486;0,3053;0,1416;0,6750;0,7514;0,6947;0,8584;0,7433;0,0381;0,0197;0,0814;0,1715;0,0310;0,1897;0,1323;0,0740;0,0485
521795237;1500,00;1151;349;981;347;928;252;0,0337;66386,44;68704,29;0,0337;36,48;37,75;0,0764;4368,80;4730,15;0,0764;2,40;2,60;0,0499;68749,32;72357,16;0,0242;37,77;38,71;0,2375;4088,01;5361,05;0,2375;2,25;2,95;0,7221;0,8063;41964,75;60104,71;63386,50;130;68;95;56;248;305;281;317;0,3439;0,1823;0,2527;0,1501;0,6561;0,8177;0,7473;0,8499;23,06;33,02;34,83;127;71;94;55;209;259;239;274;0,3780;0,2152;0,2823;0,1672;0,6220;0,7848;0,7177;0,8328;0,6896;0,0778;0,1256;0,2098;0,0745;0,0076;0,2502;0,1871;0,8829;0,0499
971204052;1500,00;1019;481;937;429;602;254;0,1758;50759,86;61587,30;0,1758;27,89;33,84;0,2626;2054,87;2786,72;0,2626;1,13;1,53;0,1827;51596,30;63131,62;0,1904;28,35;35,02;0,2427;2337,97;3087,04;0,2427;1,28;1,70;0,5281;0,5908;33336,56;45614,06;64723,92;138;142;111;90;239;236;263;281;0,3660;0,3757;0,2968;0,2426;0,6340;0,6243;0,7032;0,7574;18,32;25,06;35,56;122;136;95;76;222;209;245;261;0,3547;0,3942;0,2794;0,2255;0,6453;0,6058;0,7206;0,7745;0,9378;0,1064;0,2130;0,0167;0,0423;0,0415;0,0019;0,0683;0,2679;0,0231
342837416;1500,00;1091;409;929;357;923;307;0,0467;72751,49;76312,21;0,0467;39,97;41,93;0,2299;6985,76;9071,62;0,2299;3,84;4,98;0,0334;68644,74;71018,64;0,0334;37,72;39,02;0,1514;7736,17;9116,26;0,1514;4,25;5,01;0,7506;0,8460;39637,21;61401,47;80957,49;112;114;99;84;261;260;276;294;0,3003;0,3048;0,2640;0,2222;0,6997;0,6952;0,7360;0,7778;21,78;33,74;44,48;100;97;90;70;220;224;231;254;0,3125;0,3022;0,2804;0,2160;0,6875;0,6978;0,7196;0,7840;0,6428;0,0129;0,1374;0,0066;0,1676;0,0356;0,1505;0,0377;0,4458;0,0367
844431486;1500,00;880;620;841;579;779;463;0,1976;62811,74;78276,00;0,1976;34,51;43,01;0,3797;3368,79;5431,30;0,3797;1,85;2,98;0,1985;58213,99;72631,69;0,1819;31,99;39,10;0,4479;3084,83;5587,59;0,4479;1,69;3,07;0,7468;0,8852;51557,16;63006,83;77012,16;189;164;171;96;186;211;204;279;0,5040;0,4373;0,4560;0,2560;0,4960;0,5627;0,5440;0,7440;28,33;34,62;42,31;181;148;153;97;174;207;202;258;0,5099;0,4169;0,4310;0,2732;0,4901;0,5831;0,5690;0,7268;0,7176;0,3385;0,2427;0,1874;0,1753;0,0274;0,2004;0,1369;0,0135;0,0302
313334856;1500,00;1108;392;1080;359;1073;307;0,1480;60885,22;71461,92;0,1480;33,45;39,26;0,1050;13155,21;14698,33;0,1050;7,23;8,08;0,1531;65185,89;76969,77;0,1381;35,82;41,56;0,0428;13748,32;14362,45;0,0428;7,55;7,89;0,7832;0,9684;35889,58;55975,37;65018,38;98;144;77;73;277;241;293;297;0,2613;0,3740;0,2081;0,1973;0,7387;0,6260;0,7919;0,8027;19,72;30,76;35,72;98;128;66;67;264;240;288;288;0,2707;0,3478;0,1864;0,1887;0,7293;0,6522;0,8136;0,8113;0,5592;0,0377;0,2872;0,2075;0,0520;0,0249;0,1041;0,0530;0,9372;0,0052
542095336;1500,00;1037;463;993;397;832;381;0,1336;67798,48;78248,93;0,1336;37,25;42,99;0,1879;3991,73;4915,43;0,1879;2,19;2,70;0,1277;68195,27;78174,92;0,1273;37,47;42,94;0,1443;4211,01;4921,04;0,1443;2,31;2,70;0,8229;0,8023;42302,48;60748,11;79532,06;144;120;123;76;236;256;253;292;0,3789;0,3191;0,3271;0,2065;0,6211;0,6809;0,6729;0,7935;23,24;33,38;43,70;118;111;107;61;232;238;242;281;0,3371;0,3181;0,3066;0,1784;0,6629;0,6819;0,6934;0,8216;0,9030;0,2614;0,2440;0,0123;0,0186;0,0322;0,2772;0,0110;0,1155;0,0044
303656847;1500,00;1011;489;921;479;587;291;0,0567;78197,37;82895,30;0,0567;42,97;45,55;0,2706;2642,88;3623,25;0,2706;1,45;1,99;0,0714;74566,53;80299,02;0,0509;40,97;43,17;0,2272;2959,49;3829,67;0,2272;1,63;2,10;0,5951;0,5806;55625,98;72459,74;80942,79;148;110;117;114;225;266;258;262;0,3968;0,2926;0,3120;0,3032;0,6032;0,7074;0,6880;0,6968;30,56;39,81;44,47;147;110;107;115;202;241;243;235;0,4212;0,3134;0,3057;0,3286;0,5788;0,6866;0,6943;0,6714;0,8805;0,0763;0,1774;0,0238;0,0367;0,0173;0,0696;0,0441;0,4958;0,0132
302474648;1500,00;1111;389;1066;337;729;227;0,1187;46075,90;52280,86;0,1187;25,32;28,73;0,2274;2455,82;3178,57;0,2274;1,35;1,75;0,1195;48837,79;55468,48;0,1063;26,83;30,03;0,2252;2250,08;2904,10;0,2252;1,24;1,60;0,5835;0,6562;36196,84;36834,16;56796,44;117;118;111;43;259;258;264;330;0,3112;0,3138;0,2960;0,1153;0,6888;0,6862;0,7040;0,8847;19,89;20,24;31,21;97;93;102;45;252;256;247;311;0,2779;0,2665;0,2923;0,1264;0,7221;0,7335;0,7077;0,8736;0,6685;0,0982;0,2846;0,1076;0,0135;0,0474;0,0279;0,0774;0,8618;0,0338
394479034;1500,00;1188;312;1041;275;1090;274;0,0679;65086,75;69829,97;0,0679;35,76;38,37;0,2049;4684,65;5892,12;0,2049;2,57;3,24;0,0753;68528,41;74108,43;0,0555;37,65;39,86;0,0497;5053,75;5318,30;0,0497;2,78;2,92;0,8782;0,9175;45934,00;51668,24;68175,62;87;72;71;82;288;303;304;293;0,2320;0,1920;0,1893;0,2187;0,7680;0,8080;0,8107;0,7813;25,24;28,39;37,46;78;64;60;73;250;265;270;256;0,2378;0,1945;0,1818;0,2219;0,7622;0,8055;0,8182;0,7781;0,7547;0,0918;0,0160;0,0132;0,1098;0,0470;0,1574;0,1908;0,7781;0,0287
503698664;1500,00;1015;485;888;468;678;264;0,1310;66157,14;76130,17;0,1310;36,35;41,83;0,2915;2401,99;3390,11;0,2915;1,32;1,86;0,1260;61181,15;69998,53;0,1305;33,62;38,66;0,3144;2217,69;3234,73;0,3144;1,22;1,78;0,5443;0,6680;44876,77;61803,02;68826,33;168;149;111;57;207;226;264;318;0,4480;0,3973;0,2960;0,1520;0,5520;0,6027;0,7040;0,8480;24,66;33,96;37,82;165;133;107;63;175;206;232;275;0,4853;0,3923;0,3156;0,1864;0,5147;0,6077;0,6844;0,8136;0,5817;0,2185;0,2909;0,1663;0,1659;0,0335;0,2250;0,0524;0,3684;0,0374
403259138;1500,00;1106;394;965;354;850;259;0,0952;85076,12;94031,40;0,0952;46,75;51,67;0,1665;11920,76;14301,23;0,1665;6,55;7,86;0,1063;91767,70;102680,15;0,1071;50,42;56,47;0,2601;11715,23;15833,37;0,2601;6,44;8,70;0,6574;0,7685;61112,47;73127,64;102537,69;138;71;104;81;231;309;270;296;0,3740;0,1868;0,2781;0,2149;0,6260;0,8132;0,7219;0,7851;33,58;40,18;56,34;122;63;90;79;206;268;239;252;0,3720;0,1903;0,2736;0,2387;0,6280;0,8097;0,7264;0,7613;0,7828;0,0886;0,0990;0,2877;0,1518;0,0069;0,0961;0,0483;0,1209;0,0305
320955396;1500,00;858;642;825;600;753;490;0,1137;59824,85;67500,50;0,1137;32,87;37,09;0,1525;6203,98;7320,72;0,1525;3,41;4,02;0,1211;62057,58;70608,45;0,1298;34,10;39,19;0,2368;5792,34;7590,02;0,2368;3,18;4,17;0,7632;0,8776;46839,55;56642,05;63172,44;232;161;131;118;155;214;239;250;0,5995;0,4293;0,3541;0,3207;0,4005;0,5707;0,6459;0,6793;25,74;31,12;34,71;224;142;124;110;142;213;229;241;0,6120;0,4000;0,3513;0,3134;0,3880;0,6000;0,6487;0,6866;0,5223;0,2783;0,2581;0,0174;0,0733;0,0438;0,2347;0,1245;0,4413;0,0496
354500225;1500,00;1004;496;895;473;929;377;0,0301;73974,82;76274,45;0,0301;40,65;41,91;0,2899;10155,70;14301,29;0,2899;5,58;7,86;0,0357;68073,90;70597,03;0,0346;37,40;38,74;0,3693;9564,26;15163,47;0,3693;5,26;8,33;0,7601;0,9253;46572,55;65692,70;80890,84;169;119;75;133;201;257;305;241;0,4568;0,3165;0,1974;0,3556;0,5432;0,6835;0,8026;0,6444;25,59;36,09;44,45;174;109;68;122;168;233;274;220;0,5088;0,3187;0,1988;0,3567;0,4912;0,6813;0,8012;0,6433;0,6095;0,2355;0,1852;0,0237;0,1395;0,0394;0,0637;0,1005;0,1550;0,0056
531680445;1500,00;1051;449;1015;438;751;315;0,1612;53487,92;63766,14;0,1612;29,39;35,04;0,3819;4746,27;7679,34;0,3819;2,61;4,22;0,1552;54186,47;64144,89;0,1668;29,77;35,73;0,4414;4832,45;8651,71;0,4414;2,66;4,75;0,7016;0,7146;42914,96;57279,22;58426,97;164;136;75;74;214;240;298;299;0,4339;0,3617;0,2011;0,1984;0,5661;0,6383;0,7989;0,8016;23,58;31,47;32,10;158;143;65;72;209;223;295;288;0,4305;0,3907;0,1806;0,2000;0,5695;0,6093;0,8194;0,8000;0,8831;0,0888;0,0645;0,1844;0,0900;0,0452;0,2142;0,0817;0,4026;0,0443
382401867;1500,00;1139;361;980;320;816;234;0,0846;66565,58;72719,69;0,0846;36,57;39,96;0,2997;3313,14;4730,95;0,2997;1,82;2,60;0,1018;68265,50;76004,96;0,0849;37,51;40,99;0,1818;3508,17;4287,79;0,1818;1,93;2,36;0,6482;0,7164;47853,62;52041,20;76443,98;132;62;75;92;238;317;302;282;0,3568;0,1636;0,1989;0,2460;0,6432;0,8364;0,8011;0,7540;26,29;28,59;42,00;125;59;60;76;198;267;266;249;0,3870;0,1810;0,1840;0,2338;0,6130;0,8190;0,8160;0,7662;0,5818;0,0600;0,0609;0,0697;0,1715;0,0005;0,0382;0,1586;0,0822;0,0224
662051275;1500,00;1038;462;915;419;892;370;0,1540;66615,96;78738,17;0,1540;36,60;43,26;0,2775;3061,00;4236,48;0,2775;1,68;2,33;0,1573;67061,87;79576,36;0,1466;36,85;43,18;0,0765;3473,05;3760,90;0,0765;1,91;2,07;0,8009;0,8593;50865,84;56787,85;76762,28;169;133;112;48;207;242;263;326;0,4495;0,3547;0,2987;0,1283;0,5505;0,6453;0,7013;0,8717;27,95;31,20;42,18;162;118;92;47;174;216;241;284;0,4821;0,3533;0,2763;0,1420;0,5179;0,6467;0,7237;0,8580;0,8755;0,1365;0,2695;0,2389;0,1597;0,0117;0,0133;0,1072;0,6196;0,0037
310327895;1500,00;1126;374;1017;348;1060;268;0,0534;80279,54;84807,25;0,0534;44,11;46,60;0,0744;10805,54;11674,10;0,0744;5,94;6,41;0,0446;74215,37;77682,15;0,0533;40,78;43,07;0,1572;9748,07;11566,11;0,1572;5,36;6,36;0,7166;0,9414;54559,24;67104,22;85360,48;128;92;75;79;242;283;302;299;0,3459;0,2453;0,1989;0,2090;0,6541;0,7547;0,8011;0,7910;29,98;36,87;46,90;131;82;67;68;208;260;275;274;0,3864;0,2398;0,1959;0,1988;0,6136;0,7602;0,8041;0,8012;0,9540;0,3889;0,0370;0,2181;0,0570;0,0230;0,0176;0,1853;0,1249;0,0089
342294956;1500,00;960;540;872;538;529;268;0,1182;56390,26;63945,55;0,1182;30,98;35,13;0,3245;1538,57;2277,82;0,3245;0,85;1,25;0,1003;55424,14;61603,43;0,1044;30,45;34,00;0,3738;1600,40;2555,90;0,3738;0,88;1,40;0,4963;0,5510;40954,26;53856,67;64524,67;149;130;168;93;229;244;213;274;0,3942;0,3476;0,4409;0,2534;0,6058;0,6524;0,5591;0,7466;22,50;29,59;35,45;156;137;161;84;202;216;198;256;0,4358;0,3881;0,4485;0,2471;0,5642;0,6119;0,5515;0,7529;0,7817;0,0841;0,1458;0,2562;0,0377;0,0242;0,1187;0,1251;0,6588;0,0194
775666704;1500,00;1136;364;1074;340;832;206;0,0532;79863,10;84348,05;0,0532;43,88;46,35;0,2495;2723,64;3628,98;0,2495;1,50;1,99;0,0403;78613,60;81917,30;0,0566;43,19;45,78;0,1175;3080,65;3490,82;0,1175;1,69;1,92;0,5659;0,7324;56141,17;68719,35;76356,36;120;95;63;86;246;280;320;290;0,3279;0,2533;0,1645;0,2287;0,6721;0,7467;0,8355;0,7713;30,85;37,76;41,95;117;82;61;80;228;272;298;276;0,3391;0,2316;0,1699;0,2247;0,6609;0,7684;0,8301;0,7753;0,8715;0,1186;0,2900;0,0555;0,1951;0,0162;0,2736;0,1339;0,8794;0,0458
440253714;1500,00;1022;478;989;475;934;385;0,1081;41434,75;46458,43;0,1081;22,77;25,53;0,2662;1920,18;2616,67;0,2662;1,06;1,44;0,0951;40660,84;44933,20;0,1147;22,34;25,24;0,2881;2015,45;2830,89;0,2881;1,11;1,56;0,8054;0,9139;31918,20;40705,07;44805,43;170;117;114;77;219;257;259;287;0,4370;0,3128;0,3056;0,2115;0,5630;0,6872;0,6944;0,7885;17,54;22,37;24,62;165;112;123;75;213;252;244;280;0,4365;0,3077;0,3351;0,2113;0,5635;0,6923;0,6649;0,7887;0,6353;0,3454;0,1050;0,2697;0,0986;0,0052;0,1900;0,1661;0,5934;0,0190
443617725;1500,00;1071;429;966;422;867;379;0,0489;52816,98;55530,79;0,0489;29,02;30,51;0,2544;7634,74;10239,43;0,2544;4,19;5,63;0,0299;50916,99;52485,45;0,0452;27,98;29,30;0,3543;7152,45;11077,72;0,3543;3,93;6,09;0,8834;0,8095;32320,32;40962,74;53959,15;117;123;96;93;259;253;278;281;0,3112;0,3271;0,2567;0,2487;0,6888;0,6729;0,7433;0,7513;17,76;22,51;29,65;122;114;96;90;227;234;250;255;0,3496;0,3276;0,2775;0,2609;0,6504;0,6724;0,7225;0,7391;0,8165;0,4047;0,2663;0,1603;0,0021;0,0295;0,0425;0,0948;0,4587;0,0256
318771995;1500,00;889;611;818;532;804;527;0,1455;53094,77;62136,55;0,1455;29,17;34,14;0,2213;3889,91;4995,67;0,2213;2,14;2,74;0,1520;56086,26;66136,87;0,1418;30,82;35,91;0,2002;4203,82;5256,18;0,2002;2,31;2,89;0,8625;0,9044;33770,47;52737,39;55959,37;210;169;153;79;183;211;222;273;0,5344;0,4447;0,4080;0,2244;0,4656;0,5553;0,5920;0,7756;18,56;28,98;30,75;167;153;136;76;179;189;202;248;0,4827;0,4474;0,4024;0,2346;0,5173;0,5526;0,5976;0,7654;0,8336;0,3074;0,1361;0,0970;0,1495;0,0235;0,0016;0,1321;0,4797;0,0288
421363979;1500,00;1121;379;954;338;983;270;0,1438;61661,97;72016,30;0,1438;33,88;39,57;0,0528;10766,76;11367,02;0,0528;5,92;6,25;0,1506;66527,96;78320,33;0,1579;36,55;43,41;-0,0228;10435,83;10203,25;-0,0228;5,73;5,61;0,7124;0,8769;50184,78;54442,46;78679,71;138;72;87;82;237;303;288;293;0,3680;0,1920;0,2320;0,2187;0,6320;0,8080;0,7680;0,7813;27,57;29,91;43,23;124;70;78;66;200;253;245;256;0,3827;0,2167;0,2415;0,2050;0,6173;0,7833;0,7585;0,7950;0,9413;0,0935;0,1957;0,0802;0,0432;0,0267;0,1853;0,0684;0,8486;0,0403
402559595;1500,00;1004;496;889;467;897;374;0,1881;52216,23;64310,01;0,1881;28,69;35,34;0,2688;1552,98;2123,74;0,2688;0,85;1,17;0,1866;53844,33;66195,66;0,1750;29,58;35,86;0,1809;1523,55;1860,09;0,1809;0,84;1,02;0,7540;0,8934;38827,46;55229,01;66192,99;193;110;128;65;192;263;248;301;0,5013;0,2949;0,3404;0,1776;0,4987;0,7051;0,6596;0,8224;21,33;30,35;36,37;184;104;119;60;164;233;221;271;0,5287;0,3086;0,3500;0,1813;0,4713;0,6914;0,6500;0,8187;0,5290;0,0005;0,1331;0,2933;0,0475;0,0129;0,2123;0,1227;0,5564;0,0140
311315329;1500,00;1068;432;1056;379;930;324;0,0490;81322,54;85512,92;0,0490;44,68;46,99;0,0894;13272,12;14574,61;0,0894;7,29;8,01;0,0579;78543,78;83368,84;0,0659;43,16;46,20;0,1809;12936,61;15793,46;0,1809;7,11;8,68;0,7500;0,8708;58434,13;70216,47;82889,78;144;104;78;106;239;270;290;269;0,3760;0,2781;0,2120;0,2827;0,6240;0,7219;0,7880;0,7173;32,11;38,58;45,54;125;89;65;100;238;269;289;260;0,3444;0,2486;0,1836;0,2778;0,6556;0,7514;0,8164;0,7222;0,5842;0,1715;0,1395;0,2466;0,1321;0,0351;0,2039;0,0470;0,2253;0,0276
307166934;1500,00;958;542;876;506;621;379;0,1209;43426,21;49397,99;0,1209;23,86;27,14;0,2798;3790,56;5263,24;0,2798;2,08;2,89;0,1041;41655,23;46497,29;0,1204;22,89;26,02;0,3932;3257,79;5369,07;0,3932;1,79;2,95;0,6993;0,6482;26989,04;39118,37;49163,63;202;125;151;64;186;248;227;297;0,5206;0,3351;0,3995;0,1773;0,4794;0,6649;0,6005;0,8227;14,83;21,49;27,01;186;114;150;56;173;228;202;273;0,5181;0,3333;0,4261;0,1702;0,4819;0,6667;0,5739;0,8298;0,5520;0,0333;0,0300;0,1893;0,1314;0,0059;0,0605;0,0698;0,8081;0,0233
382597821;1500,00;1052;448;1014;431;854;311;0,0628;67788,74;72330,69;0,0628;37,25;39,74;0,1943;10254,27;12727,53;0,1943;5,63;6,99;0,0643;63666,97;68043,65;0,0443;34,98;36,61;0,2660;9664,01;13166,58;0,2660;5,31;7,23;0,6942;0,8118;42353,79;54492,44;77810,78;124;127;73;124;252;249;299;252;0,3298;0,3378;0,1962;0,3298;0,6702;0,6622;0,8038;0,6702;23,27;29,94;42,75;115;132;64;120;247;233;291;243;0,3177;0,3616;0,1803;0,3306;0,6823;0,6384;0,8197;0,6694;0,8512;0,4016;0,2678;0,2651;0,1531;0,0146;0,2435;0,1899;0,4027;0,0149
445330103;1500,00;1013;487;946;431;594;216;0,1359;48423,40;56040,33;0,1359;26,61;30,79;0,3404;2701,52;4095,60;0,3404;1,48;2,25;0,1362;47761,19;55293,54;0,1310;26,24;30,20;0,3532;2769,44;4281,82;0,3532;1,52;2,35;0,4435;0,5864;37217,18;46086,39;60836,68;150;102;145;90;228;271;232;282;0,3968;0,2735;0,3846;0,2419;0,6032;0,7265;0,6154;0,7581;20,45;25,32;33,43;129;95;131;76;215;249;213;269;0,3750;0,2762;0,3808;0,2203;0,6250;0,7238;0,6192;0,7797;0,9427;0,0454;0,0036;0,2932;0,0257;0,0190;0,0352;0,1688;0,3719;0,0316
489972166;1500,00;1039;461;1007;434;911;366;0,0778;86237,64;93508,53;0,0778;47,38;51,38;0,0925;3328,54;3667,93;0,0925;1,83;2,02;0,0838;88881,64;97015,02;0,0897;48,84;53,65;0,1132;2868,44;3234,70;0,1132;1,58;1,78;0,7939;0,8768;51231,72;75687,43;89947,92;153;115;72;121;217;261;307;254;0,4135;0,3059;0,1900;0,3227;0,5865;0,6941;0,8100;0,6773;28,15;41,59;49,42;145;106;62;121;210;255;305;237;0,4085;0,2936;0,1689;0,3380;0,5915;0,7064;0,8311;0,6620;0,9564;0,0694;0,2719;0,1294;0,0372;0,0045;0,2362;0,0475;0,2075;0,0239
433744539;1500,00;832;668;726;623;708;486;0,1414;41664,71;48525,58;0,1414;22,89;26,66;0,1627;5210,97;6223,79;0,1627;2,86;3,42;0,1557;42792,82;50683,86;0,1291;23,51;27,00;0,2397;5278,77;6943,13;0,2397;2,90;3,81;0,7275;0,8510;26903,79;40465,01;46677,50;198;191;161;118;178;185;214;255;0,5266;0,5080;0,4293;0,3164;0,4734;0,4920;0,5707;0,6836;14,78;22,23;25,65;185;184;148;106;156;157;188;225;0,5425;0,5396;0,4405;0,3202;0,4575;0,4604;0,5595;0,6798;0,9214;0,3220;0,0202;0,2596;0,1504;0,0450;0,2567;0,1576;0,7467;0,0156
629857301;1500,00;1060;440;1008;391;913;345;0,0573;70677,27;74971,44;0,0573;38,83;41,19;0,0691;7201,53;7736,09;0,0691;3,96;4,25;0,0552;67065,88;70981,27;0,0639;36,85;39,36;0,1787;6855,28;8346,46;0,1787;3,77;4,59;0,7841;0,8613;50694,44;52809,85;76044,39;160;102;105;73;214;273;271;302;0,4278;0,2720;0,2793;0,1947;0,5722;0,7280;0,7207;0,8053;27,85;29,02;41,78;144;86;96;65;205;264;254;285;0,4126;0,2457;0,2743;0,1857;0,5874;0,7543;0,7257;0,8143;0,6889;0,2978;0,0406;0,2474;0,0903;0,0236;0,2310;0,0595;0,0634;0,0130
811934363;1500,00;1042;458;936;399;852;285;0,1672;53840,69;64653,23;0,1672;29,58;35,52;0,2627;5761,75;7815,02;0,2627;3,17;4,29;0,1528;56148,02;66275,36;0,1610;30,85;36,77;0,2964;6076,35;8635,98;0,2964;3,34;4,75;0,6223;0,8177;34278,70;49091,28;70878,74;124;145;101;88;252;235;272;283;0,3298;0,3816;0,2708;0,2372;0,6702;0,6184;0,7292;0,7628;18,83;26,97;38,94;111;134;82;72;224;205;249;258;0,3313;0,3953;0,2477;0,2182;0,6687;0,6047;0,7523;0,7818;0,9381;0,3356;0,1059;0,0436;0,1431;0,0229;0,1760;0,0154;0,1151;0,0347
722024742;1500,00;1162;338;1080;331;950;273;0,1389;54092,22;62821,11;0,1389;29,72;34,52;0,1144;4743,93;5356,88;0,1144;2,61;2,94;0,1239;51840,34;59173,18;0,1283;28,48;32,67;-0,0008;5395,45;5391,26;-0,0008;2,96;2,96;0,8077;0,8176;42403,26;44702,57;66930,55;92;103;91;52;283;272;284;323;0,2453;0,2747;0,2427;0,1387;0,7547;0,7253;0,7573;0,8613;23,30;24,56;36,78;87;106;95;43;267;248;259;306;0,2458;0,2994;0,2684;0,1232;0,7542;0,7006;0,7316;0,8768;0,7937;0,0709;0,0387;0,0348;0,0153;0,0172;0,2231;0,0823;0,2747;0,0405
784547507;1500,00;1066;434;914;423;632;256;0,1389;44787,18;52010,99;0,1389;24,61;28,58;0,3196;4141,46;6087,01;0,3196;2,28;3,34;0,1457;41899,30;49046,60;0,1258;23,02;26,34;0,3334;4003,15;6005,02;0,3334;2,20;3,30;0,5899;0,5929;27884,88;39810,69;55733,74;165;98;124;47;213;276;252;325;0,4365;0,2620;0,3298;0,1263;0,5635;0,7380;0,6702;0,8737;15,32;21,87;30,62;162;94;123;44;179;239;214;282;0,4751;0,2823;0,3650;0,1350;0,5249;0,7177;0,6350;0,8650;0,7856;0,0819;0,1280;0,1337;0,1423;0,0116;0,0752;0,1047;0,3971;0,0408
377714654;1500,00;1192;308;1097;265;1106;256;0,1042;57749,97;64465,82;0,1042;31,73;35,42;0,0622;3651,92;3894,20;0,0622;2,01;2,14;0,1177;57811,30;65524,19;0,1120;31,76;35,77;-0,1496;3971,31;3454,40;-0,1496;2,18;1,90;0,8312;0,9279;44323,49;46304,13;67738,38;77;66;71;94;298;308;303;283;0,2053;0,1765;0,1898;0,2493;0,7947;0,8235;0,8102;0,7507;24,35;25,44;37,22;61;59;67;78;279;281;274;263;0,1794;0,1735;0,1965;0,2287;0,8206;0,8265;0,8035;0,7713;0,5649;0,0024;0,2728;0,1030;0,0767;0,0279;0,1453;0,1926;0,2255;0,0498
562110346;1500,00;966;534;923;494;525;218;0,1015;57301,45;63776,77;0,1015;31,48;35,04;0,1834;1968,40;2410,41;0,1834;1,08;1,32;0,1012;59611,40;66320,91;0,1079;32,75;36,71;0,2883;1685,31;2367,96;0,2883;0,93;1,30;0,4082;0,5435;35855,22;55564,19;67011,74;168;161;114;91;215;221;256;274;0,4386;0,4215;0,3081;0,2493;0,5614;0,5785;0,6919;0,7507;19,70;30,53;36,82;155;158;99;82;206;204;250;263;0,4294;0,4365;0,2837;0,2377;0,5706;0,5635;0,7163;0,7623;0,9032;0,3388;0,2041;0,1772;0,1263;0,0069;0,2902;0,0508;0,1393;0,0062
804544674;1500,00;1175;325;1075;300;1099;271;0,0764;77135,21;83519,04;0,0764;42,38;45,89;0,1175;5593,64;6338,39;0,1175;3,07;3,48;0,0892;74992,96;82337,19;0,0705;41,20;44,33;0,1170;5921,38;6705,84;0,1170;3,25;3,68;0,8338;0,9353;44188,74;69343,41;82877,49;81;68;60;116;294;305;311;265;0,2160;0,1823;0,1617;0,3045;0,7840;0,8177;0,8383;0,6955;24,28;38,10;45,54;71;63;61;105;272;280;282;241;0,2070;0,1837;0,1778;0,3035;0,7930;0,8163;0,8222;0,6965;0,9477;0,1587;0,0667;0,0030;0,1824;0,0006;0,0779;0,0718;0,8940;0,0215
444567127;1500,00;979;521;872;485;585;245;0,1721;41500,37;50124,74;0,1721;22,80;27,54;0,2508;2533,74;3381,84;0,2508;1,39;1,86;0,1741;38691,43;46850,25;0,1566;21,26;25,21;0,2626;2846,07;3859,41;0,2626;1,56;2,12;0,4702;0,5975;27158,56;37612,34;49047,76;179;140;119;83;194;235;256;294;0,4799;0,3733;0,3173;0,2202;0,5201;0,6267;0,6827;0,7798;14,92;20,67;26,95;175;126;113;71;167;213;226;266;0,5117;0,3717;0,3333;0,2107;0,4883;0,6283;0,6667;0,7893;0,7946;0,0007;0,1939;0,2896;0,0097;0,0229;0,2673;0,1924;0,7473;0,0276
315334011;1500,00;1071;429;1006;373;866;265;0,1275;72848,54;83493,47;0,1275;40,03;45,88;0,1361;2650,84;3068,46;0,1361;1,46;1,69;0,1258;77986,99;89213,47;0,1199;42,85;48,69;0,0920;2582,09;2843,59;0,0920;1,42;1,56;0,6177;0,8086;47638,02;64545,45;85694,77;147;90;106;86;225;286;269;291;0,3952;0,2394;0,2827;0,2281;0,6048;0,7606;0,7173;0,7719;26,17;35,46;47,09;127;76;89;81;211;273;256;266;0,3757;0,2178;0,2580;0,2334;0,6243;0,7822;0,7420;0,7666;0,5485;0,4092;0,0474;0,0166;0,0055;0,0176;0,2209;0,1040;0,2231;0,0174
309304616;7500,00;4457;3043;4268;2881;3752;2366;0,1214;64417,55;73316,31;0,1214;35,39;40,28;0,4977;5522,00;10993,27;0,4977;3,03;6,04;0,1326;60512,92;69764,40;0,1226;33,25;37,90;0,5042;4750,10;9580,08;0,5042;2,61;5,26;0,7775;0,8418;38537,54;53529,50;67170,81;944;645;801;653;910;1243;1069;1235;0,5092;0,3416;0,4283;0,3459;0,4908;0,6584;0,5717;0,6541;21,17;29,41;36,91;906;608;781;586;858;1194;998;1218;0,5136;0,3374;0,4390;0,3248;0,4864;0,6626;0,5610;0,6752;0,7724;0,4745;0,0628;0,1634;0,1328;0,0096;0,2044;0,0636;0,8384;0,0239
480080969;7500,00;4133;3367;3745;2899;896;620;0,0685;30135,70;32351,91;0,0685;16,56;17,78;0,2477;572,29;760,72;0,2477;0,31;0,42;0,0744;29734,63;32125,57;0,0502;16,34;17,20;0,2055;578,59;728,27;0,2055;0,32;0,40;0,1841;0,2168;21681,37;23387,14;34820,84;1112;1004;821;430;842;919;1048;1324;0,5691;0,5221;0,4393;0,2452;0,4309;0,4779;0,5607;0,7548;11,91;12,85;19,13;953;843;747;356;763;846;919;1217;0,5554;0,4991;0,4484;0,2263;0,4446;0,5009;0,5516;0,7737;0,9754;0,3116;0,2753;0,2510;0,0864;0,0494;0,1182;0,0929;0,6875;0,0279
480470152;7500,00;4034;3466;3663;2986;3298;2792;0,2136;61672,40;78419,87;0,2136;33,89;43,09;0,3306;13550,63;20244,19;0,3306;7,45;11,12;0,2216;59392,74;76297,05;0,2172;32,63;41,69;0,4087;11717,52;19817,47;0,4087;6,44;10,89;0,8055;0,8176;42400,46;54910,94;76699,18;1083;866;690;827;779;1009;1196;1050;0,5816;0,4619;0,3659;0,4406;0,4184;0,5381;0,6341;0,5594;23,30;30,17;42,14;942;704;600;740;693;964;1083;923;0,5761;0,4221;0,3565;0,4450;0,4239;0,5779;0,6435;0,5550;0,5037;0,0496;0,1576;0,2709;0,0833;0,0121;0,1539;0,0751;0,8188;0,0415
414819409;7500,00;4522;2978;4306;2682;1453;763;0,0800;27882,14;30308,26;0,0800;15,32;16,65;0,2287;843,80;1094,03;0,2287;0,46;0,60;0,0980;25772,80;28572,70;0,0950;14,16;15,65;0,3007;845,27;1208,75;0,3007;0,46;0,66;0,2562;0,3213;15655,80;26209,32;27552,35;919;852;815;392;971;1033;1066;1452;0,4862;0,4520;0,4333;0,2126;0,5138;0,5480;0,5667;0,7874;8,60;14,40;15,14;807;751;772;352;942;996;976;1392;0,4614;0,4299;0,4416;0,2018;0,5386;0,5701;0,5584;0,7982;0,6708;0,1406;0,1153;0,0013;0,1315;0,0426;0,1985;0,1328;0,4729;0,0451
572104891;7500,00;4654;2846;3981;2566;4476;2500;0,2043;80068,84;100629,49;0,2043;43,99;55,29;0,2835;5352,06;7469,49;0,2835;2,94;4,10;0,2041;81436,51;102323,97;0,2019;44,75;56,06;0,3259;4835,10;7172,46;0,3259;2,66;3,94;0,8784;0,9618;66496,78;90112,70;91728,98;782;771;645;648;1094;1104;1229;1227;0,4168;0,4112;0,3442;0,3456;0,5832;0,5888;0,6558;0,6544;36,54;49,51;50,40;707;721;547;591;933;920;1085;1043;0,4311;0,4394;0,3352;0,3617;0,5689;0,5606;0,6648;0,6383;0,7559;0,1266;0,0109;0,2488;0,0547;0,0170;0,1722;0,1392;0,2341;0,0051
432766947;7500,00;4104;3396;3685;2923;1579;1091;0,0821;30184,00;32883,30;0,0821;16,58;18,07;0,1129;466,08;525,40;0,1129;0,26;0,29;0,0915;29360,74;32317,63;0,0915;16,13;17,76;0,2537;433,45;580,79;0,2537;0,24;0,32;0,3213;0,3847;20576,33;26957,95;32278,64;1065;914;798;619;855;975;1066;1208;0,5547;0,4839;0,4281;0,3388;0,4453;0,5161;0,5719;0,6612;11,31;14,81;17,74;977;808;644;494;721;859;991;1114;0,5754;0,4847;0,3939;0,3072;0,4246;0,5153;0,6061;0,6928;0,8161;0,0581;0,2544;0,0127;0,0966;0,0261;0,1289;0,0438;0,3145;0,0089
348991555;7500,00;4161;3339;3878;2867;3312;2395;0,1888;73699,39;90856,15;0,1888;40,49;49,92;0,4143;17086,68;29170,76;0,4143;9,39;16,03;0,1946;77502,48;96231,11;0,1917;42,58;52,69;0,3738;17378,70;27751,45;0,3738;9,55;15,25;0,7173;0,7960;61817,42;66580,03;86301,67;903;765;672;999;981;1101;1183;896;0,4793;0,4100;0,3623;0,5272;0,5207;0,5900;0,6377;0,4728;33,97;36,58;47,42;761;670;576;860;925;1017;1112;824;0,4514;0,3972;0,3412;0,5107;0,5486;0,6028;0,6588;0,4893;0,9634;0,4337;0,2173;0,1746;0,1835;0,0450;0,0432;0,0562;0,4991;0,0260
311799456;7500,00;4177;3323;4035;3313;1101;789;0,1003;35145,82;39065,66;0,1003;19,31;21,46;0,1480;761,18;893,44;0,1480;0,42;0,49;0,0938;34907,87;38522,18;0,1042;19,18;21,41;0,1045;711,06;794,01;0,1045;0,39;0,44;0,2374;0,2636;21718,68;27791,30;40962,27;1069;891;870;493;827;990;1008;1352;0,5638;0,4737;0,4633;0,2672;0,4362;0,5263;0,5367;0,7328;11,93;15,27;22,51;1040;897;854;522;815;946;986;1288;0,5606;0,4867;0,4641;0,2884;0,4394;0,5133;0,5359;0,7116;0,8535;0,1784;0,0907;0,2842;0,1943;0,0249;0,1290;0,0158;0,3088;0,0487
341174118;7500,00;4539;2961;4385;2608;3275;2232;0,1791;55799,41;67975,82;0,1791;30,66;37,35;0,4732;13329,11;25300,63;0,4732;7,32;13,90;0,1785;55593,62;67670,37;0,1871;30,55;37,58;0,6073;11349,11;28901,89;0,6073;6,24;15,88;0,7538;0,7215;46140,11;50454,65;70352,59;845;795;597;724;1015;1072;1299;1153;0,4543;0,4258;0,3149;0,3857;0,5457;0,5742;0,6851;0,6143;25,35;27,72;38,66;729;687;526;666;1006;1055;1244;1080;0,4202;0,3944;0,2972;0,3814;0,5798;0,6056;0,7028;0,6186;0,5539;0,4980;0,0257;0,1070;0,1325;0,0169;0,0266;0,0073;0,0124;0,0275
399315613;7500,00;4231;3269;3877;2923;1926;1261;0,0946;28094,30;31029,39;0,0946;15,44;17,05;0,1058;992,49;1109,95;0,1058;0,55;0,61;0,1114;28187,46;31721,23;0,0964;15,49;17,14;0,0371;956,48;993,34;0,0371;0,53;0,55;0,3857;0,4552;18597,70;25917,71;29011,21;1001;892;778;598;921;1002;1087;1221;0,5208;0,4710;0,4172;0,3288;0,4792;0,5290;0,5828;0,6712;10,22;14,24;15,94;898;770;755;500;847;941;952;1137;0,5146;0,4500;0,4423;0,3054;0,4854;0,5500;0,5577;0,6946;0,7230;0,2968;0,2962;0,2302;0,0909;0,0319;0,2478;0,1066;0,3406;0,0456
410034607;7500,00;3865;3635;3780;3419;3126;2888;0,1629;53225,88;63586,17;0,1629;29,24;34,94;0,3111;14451,18;20977,20;0,3111;7,94;11,53;0,1494;52717,15;61974,46;0,1684;28,97;34,83;0,2840;15338,40;21422,65;0,2840;8,43;11,77;0,7945;0,8088;36067,41;47799,05;65924,66;966;1077;727;865;913;811;1135;1006;0,5141;0,5704;0,3904;0,4623;0,4859;0,4296;0,6096;0,5377;19,82;26,26;36,22;891;978;740;810;910;826;1056;988;0,4947;0,5421;0,4120;0,4505;0,5053;0,4579;0,5880;0,5495;0,6260;0,1061;0,0976;0,0507;0,1322;0,0299;0,1092;0,1433;0,5364;0,0095
622028777;7500,00;3779;3721;3461;3403;803;724;0,0691;29029,98;31183,40;0,0691;15,95;17,13;0,1170;733,82;831,09;0,1170;0,40;0,46;0,0577;27056,91;28713,84;0,0680;14,87;15,95;0,0414;723,56;754,80;0,0414;0,40;0,41;0,1946;0,2125;19281,18;23288,53;33372,73;1117;926;1085;593;802;948;826;1203;0,5821;0,4941;0,5678;0,3302;0,4179;0,5059;0,4322;0,6698;10,59;12,80;18,34;1039;830;937;597;719;881;799;1062;0,5910;0,4851;0,5397;0,3599;0,4090;0,5149;0,4603;0,6401;0,5405;0,0623;0,1444;0,2330;0,1290;0,0279;0,1575;0,1505;0,3115;0,0449
903869618;7500,00;4446;3054;3856;2877;3030;2090;0,2497;56112,04;74787,66;0,2497;30,83;41,09;0,4708;5615,06;10611,30;0,4708;3,09;5,83;0,2382;60315,78;79179,46;0,2642;33,14;45,04;0,4962;5650,40;11216,15;0,4962;3,10;6,16;0,6843;0,6815;46408,20;56150,90;69875,96;865;709;637;843;1022;1159;1224;1041;0,4584;0,3796;0,3423;0,4475;0,5416;0,6204;0,6577;0,5525;25,50;30,85;38,39;785;690;623;779;912;988;1040;916;0,4626;0,4112;0,3746;0,4596;0,5374;0,5888;0,6254;0,5404;0,5572;0,2490;0,2709;0,2982;0,1679;0,0104;0,2435;0,0532;0,1024;0,0208
408024719;7500,00;4181;3319;4150;3091;1037;691;0,0590;28359,73;30138,04;0,0590;15,58;16,56;0,1823;699,18;855,05;0,1823;0,38;0,47;0,0630;27058,23;28877,81;0,0602;14,87;15,82;0,2495;722,28;962,43;0,2495;0,40;0,53;0,2082;0,2480;19815,07;24960,41;31113,40;1273;915;715;416;706;980;1133;1362;0,6433;0,4828;0,3869;0,2340;0,3567;0,5172;0,6131;0,7660;10,89;13,71;17,10;1209;810;711;361;693;1008;1086;1363;0,6356;0,4455;0,3957;0,2094;0,3644;0,5545;0,6043;0,7906;0,5343;0,2043;0,1432;0,2450;0,1530;0,0201;0,1281;0,1552;0,0233;0,0180
319632790;7500,00;4709;2791;4083;2680;3847;2071;0,2584;68281,03;92071,13;0,2584;37,52;50,59;0,4623;4626,08;8603,71;0,4623;2,54;4,73;0,2661;69079,31;94122,81;0,2616;37,96;51,40;0,4405;5221,33;9332,51;0,4405;2,87;5,13;0,7420;0,8169;61712,44;76329,24;92615,01;796;637;698;660;1059;1251;1177;1222;0,4291;0,3374;0,3723;0,3507;0,5709;0,6626;0,6277;0,6493;33,91;41,94;50,89;781;609;679;611;893;1092;1010;1088;0,4665;0,3580;0,4020;0,3596;0,5335;0,6420;0,5980;0,6404;0,8807;0,4507;0,2824;0,1471;0,1414;0,0349;0,1334;0,1875;0,9162;0,0309
775709702;7500,00;3970;3530;3849;3202;1076;868;0,0642;33598,77;35904,42;0,0642;18,46;19,73;0,2904;321,70;453,34;0,2904;0,18;0,25;0,0479;34861,40;36616,35;0,0779;19,15;20,77;0,3778;305,56;491,05;0,3778;0,17;0,27;0,2459;0,2710;19305,68;30407,80;35216,73;1146;843;1024;517;767;1027;872;1304;0,5991;0,4508;0,5401;0,2839;0,4009;0,5492;0,4599;0,7161;10,61;16,71;19,35;1014;782;896;510;762;980;872;1235;0,5709;0,4438;0,5068;0,2923;0,4291;0,5562;0,4932;0,7077;0,9872;0,4987;0,0666;0,2804;0,1045;0,0261;0,1272;0,1675;0,4130;0,0250
421106709;7500,00;4612;2888;4499;2778;3631;2098;0,2520;61027,41;81583,34;0,2520;33,53;44,83;0,4484;14050,42;25473,63;0,4484;7,72;14,00;0,2460;64845,39;86005,02;0,2664;35,63;48,56;0,3769;16103,59;25843,79;0,3769;8,85;14,20;0,7265;0,7873;49341,24;70043,39;85179,84;858;785;669;576;1017;1090;1206;1299;0,4576;0,4187;0,3568;0,3072;0,5424;0,5813;0,6432;0,6928;27,11;38,49;46,80;872;768;612;526;947;1051;1207;1294;0,4794;0,4222;0,3364;0,2890;0,5206;0,5778;0,6636;0,7110;0,9538;0,2452;0,1391;0,1296;0,0689;0,0427;0,1068;0,0281;0,0150;0,0064
790858294;7500,00;4549;2951;4522;2727;1647;925;0,1031;36370,63;40549,97;0,1031;19,98;22,28;0,2009;521,74;652,93;0,2009;0,29;0,36;0,1153;33655,97;38040,86;0,1009;18,49;20,57;0,2651;540,75;735,80;0,2651;0,30;0,40;0,3135;0,3621;27929,03;30821,60;37895,92;780;1060;689;422;1105;894;1175;1375;0,4138;0,5425;0,3696;0,2348;0,5862;0,4575;0,6304;0,7652;15,35;16,93;20,82;695;1005;657;370;1120;885;1150;1367;0,3829;0,5317;0,3636;0,2130;0,6171;0,4683;0,6364;0,7870;0,9776;0,3854;0,0579;0,0477;0,0770;0,0364;0,1766;0,0670;0,6978;0,0125
389652553;7500,00;4500;3000;4137;2817;4103;2637;0,1289;60025,06;68903,74;0,1289;32,98;37,86;0,2868;19804,39;27768,17;0,2868;10,88;15,26;0,1438;58000,41;67737,96;0,1395;31,87;37,04;0,3416;20407,43;30996,47;0,3416;11,21;17,03;0,8790;0,9118;43862,01;61661,50;74635,96;960;755;575;710;894;1119;1318;1169;0,5178;0,4029;0,3038;0,3779;0,4822;0,5971;0,6962;0,6221;24,10;33,88;41,01;869;719;554;675;849;1018;1203;1067;0,5058;0,4139;0,3153;0,3875;0,4942;0,5861;0,6847;0,6125;0,6927;0,1957;0,0933;0,0745;0,0692;0,0034;0,1887;0,1142;0,5489;0,0243
562094425;7500,00;4176;3324;4142;2966;1718;1146;0,1010;31018,48;34503,73;0,1010;17,04;18,96;0,2520;571,79;764,38;0,2520;0,31;0,42;0,1028;31617,88;35242,14;0,0967;17,37;19,23;0,1686;607,84;731,13;0,1686;0,33;0,40;0,3448;0,4114;20116,20;29412,54;32960,92;1141;955;796;432;812;951;1070;1343;0,5842;0,5010;0,4266;0,2434;0,4158;0,4990;0,5734;0,7566;11,05;16,16;18,11;1039;864;679;384;778;930;1089;1345;0,5718;0,4816;0,3840;0,2221;0,4282;0,5184;0,6160;0,7779;0,7708;0,2666;0,1928;0,0036;0,1005;0,0318;0,1362;0,0196;0,6763;0,0304
326094471;7500,00;3876;3624;3387;3239;3671;2852;0,2690;49779,28;68093,76;0,2690;27,35;37,41;0,4717;5980,62;11319,45;0,4717;3,29;6,22;0,2659;47489,22;64686,78;0,2686;26,09;35,68;0,4129;6486,01;11048,00;0,4129;3,56;6,07;0,7870;0,9471;41290,86;53576,73;64678,20;1154;873;867;730;711;1003;1010;1152;0,6188;0,4654;0,4619;0,3879;0,3812;0,5346;0,5381;0,6121;22,69;29,44;35,54;1043;814;757;625;614;843;899;1031;0,6295;0,4912;0,4571;0,3774;0,3705;0,5088;0,5429;0,6226;0,9859;0,2922;0,0107;0,1557;0,1667;0,0091;0,0313;0,0476;0,3001;0,0046
378168470;7500,00;4574;2926;3923;2753;1150;774;0,0926;30391,98;33494,28;0,0926;16,70;18,40;0,2985;318,51;454,02;0,2985;0,18;0,25;0,1075;29202,49;32718,73;0,0755;16,05;17,36;0,2967;356,05;506,25;0,2967;0,20;0,28;0,2645;0,2514;21993,28;23705,74;30649,71;771;797;884;474;1109;1086;1012;1367;0,4101;0,4233;0,4662;0,2575;0,5899;0,5767;0,5338;0,7425;12,08;13,03;16,84;755;717;855;426;929;958;851;1185;0,4483;0,4281;0,5012;0,2644;0,5517;0,5719;0,4988;0,7356;0,7844;0,3150;0,1944;0,1606;0,1812;0,0070;0,2046;0,1143;0,5006;0,0441
319159877;7500,00;4732;2768;4108;2700;3845;2336;0,2637;57409,68;77971,54;0,2637;31,54;42,84;0,2210;4188,83;5377,19;0,2210;2,30;2,95;0,2781;56895,51;78815,05;0,2625;31,26;42,39;0,0150;4750,31;4822,87;0,0150;2,61;2,65;0,8439;0,8126;51904,58;67222,54;84958,51;887;551;741;589;978;1331;1131;1292;0,4756;0,2928;0,3958;0,3131;0,5244;0,7072;0,6042;0,6869;28,52;36,94;46,68;845;546;723;586;864;1151;981;1112;0,4944;0,3217;0,4243;0,3451;0,5056;0,6783;0,5757;0,6549;0,7674;0,3051;0,1413;0,1317;0,1323;0,0033;0,0223;0,0116;0,5469;0,0320
612039495;7500,00;4715;2785;4614;2633;1987;1058;0,0960;34931,95;38641,98;0,0960;19,19;21,23;0,2884;753,91;1059,50;0,2884;0,41;0,58;0,0907;32616,72;35869,83;0,1109;17,92;20,16;0,2764;706,15;975,86;0,2764;0,39;0,54;0,3799;0,4214;23601,53;30637,42;38255,55;845;689;740;511;1052;1185;1141;1337;0,4454;0,3677;0,3934;0,2765;0,5546;0,6323;0,6066;0,7235;12,97;16,83;21,02;794;638;716;485;1038;1171;1104;1301;0,4334;0,3527;0,3934;0,2716;0,5666;0,6473;0,6066;0,7284;0,7829;0,4505;0,0022;0,2066;0,1073;0,0161;0,1879;0,0490;0,7391;0,0152
383475092;7500,00;4133;3367;4105;3340;3220;2074;0,2671;55292,41;75438,91;0,2671;30,38;41,45;0,4289;16909,77;29609,16;0,4289;9,29;16,27;0,2670;57206,93;78043,16;0,2587;31,43;42,40;0,4440;15090,48;27139,90;0,4440;8,29;14,91;0,6160;0,7791;41496,23;58136,05;79625,35;910;850;726;881;981;1027;1122;1003;0,4812;0,4529;0,3929;0,4676;0,5188;0,5471;0,6071;0,5324;22,80;31,94;43,75;920;854;713;853;959;1011;1123;1012;0,4896;0,4579;0,3883;0,4574;0,5104;0,5421;0,6117;0,5426;0,5302;0,1686;0,0951;0,1474;0,1292;0,0205;0,0187;0,1373;0,3008;0,0463
179401203;7500,00;4288;3212;3701;2757;940;579;0,0877;31595,78;34634,29;0,0877;17,36;19,03;0,2086;423,58;535,21;0,2086;0,23;0,29;0,0928;31061,24;34237,16;0,1001;17,07;18,96;0,3140;394,15;574,58;0,3140;0,22;0,32;0,1803;0,2192;21716,05;30903,66;36078,08;937;903;764;608;974;999;1101;1214;0,4903;0,4748;0,4097;0,3337;0,5097;0,5252;0,5903;0,6663;11,93;16,98;19,82;840;792;651;474;815;850;953;1083;0,5076;0,4823;0,4059;0,3044;0,4924;0,5177;0,5941;0,6956;0,6409;0,3753;0,1166;0,0205;0,0661;0,0192;0,1778;0,1912;0,6863;0,0090
383470937;7500,00;4585;2915;4271;2814;3107;2045;0,1282;74131,25;85033,71;0,1282;40,73;46,72;0,4665;10410,20;19514,81;0,4665;5,72;10,72;0,1122;77905,52;87749,64;0,1336;42,81;49,40;0,3591;11811,19;18430,00;0,3591;6,49;10,13;0,7015;0,6776;49660,50;75131,14;87910,06;814;774;628;699;1069;1106;1237;1173;0,4323;0,4117;0,3367;0,3734;0,5677;0,5883;0,6633;0,6266;27,29;41,28;48,30;742;817;616;639;1035;971;1142;1123;0,4176;0,4569;0,3504;0,3627;0,5824;0,5431;0,6496;0,6373;0,5062;0,1159;0,2028;0,2478;0,0499;0,0191;0,2654;0,0120;0,4078;0,0485
200053742;7500,00;4038;3462;3600;3453;1362;1208;0,1089;33230,93;37293,81;0,1089;18,26;20,49;0,1924;627,38;776,82;0,1924;0,34;0,43;0,1063;31078,05;34775,17;0,1050;17,08;19,08;0,2144;601,25;765,33;0,2144;0,33;0,42;0,3489;0,3373;22516,48;30046,01;40649,92;1203;880;849;530;758;998;1022;1260;0,6135;0,4686;0,4538;0,2961;0,3865;0,5314;0,5462;0,7039;12,37;16,51;22,34;1203;833;884;533;666;921;886;1127;0,6437;0,4749;0,4994;0,3211;0,3563;0,5251;0,5006;0,6789;0,5076;0,1278;0,1066;0,2145;0,0318;0,0322;0,2905;0,1262;0,8076;0,0192
410409015;7500,00;4568;2932;4376;2651;3700;2230;0,2756;55673,64;76854,80;0,2756;30,59;42,23;0,3635;5979,45;9394,28;0,3635;3,29;5,16;0,2764;51747,56;71510,58;0,2661;28,43;38,74;0,3467;6438,16;9854,72;0,3467;3,54;5,41;0,7606;0,8100;39049,68;56759,75;76232,38;847;687;671;727;1012;1194;1213;1149;0,4556;0,3652;0,3562;0,3875;0,5444;0,6348;0,6438;0,6125;21,46;31,19;41,89;730;651;614;656;1010;1109;1155;1102;0,4195;0,3699;0,3471;0,3732;0,5805;0,6301;0,6529;0,6268;0,6994;0,3070;0,0912;0,0976;0,0944;0,0044;0,1858;0,0333;0,0230;0,0314
385365713;7500,00;4727;2773;4106;2595;1819;1095;0,0827;35610,07;38820,27;0,0827;19,57;21,33;0,1333;615,63;710,31;0,1333;0,34;0,39;0,0697;36271,82;38989,90;0,0886;19,93;21,87;0,1853;524,61;643,94;0,1853;0,29;0,35;0,3949;0,3848;20052,42;31358,62;37389,09;933;840;682;318;959;1046;1192;1530;0,4931;0,4454;0,3639;0,1721;0,5069;0,5546;0,6361;0,8279;11,02;17,23;20,54;907;775;639;274;804;918;1035;1349;0,5301;0,4578;0,3817;0,1688;0,4699;0,5422;0,6183;0,8312;0,6197;0,0065;0,1077;0,0995;0,0962;0,0157;0,2743;0,0788;0,8270;0,0066
229400288;7500,00;4340;3160;4163;3100;4013;2376;0,1782;62727,91;76328,99;0,1782;34,47;41,94;0,4777;14384,13;27539,58;0,4777;7,90;15,13;0,1780;58608,86;71301,23;0,1936;32,20;39,94;0,4402;13484,06;24085,22;0,4402;7,41;13,23;0,7519;0,9247;51194,51;55293,72;80749,02;850;831;771;708;1030;1048;1102;1160;0,4521;0,4423;0,4116;0,3790;0,5479;0,5577;0,5884;0,6210;28,13;30,38;44,37;843;772;796;689;978;1044;1022;1119;0,4629;0,4251;0,4378;0,3811;0,5371;0,5749;0,5622;0,6189;0,9340;0,3321;0,0963;0,1785;0,1328;0,0265;0,1913;0,1665;0,8496;0,0195
722063997;7500,00;4622;2878;4125;2548;1610;1013;0,0662;34243,59;36671,49;0,0662;18,82;20,15;0,1968;386,72;481,48;0,1968;0,21;0,26;0,0801;35912,66;39037,91;0,0755;19,73;21,34;0,0346;409,68;424,38;0,0346;0,23;0,23;0,3520;0,3483;24348,46;28605,85;37633,83;815;801;845;417;1088;1098;1067;1369;0,4283;0,4218;0,4419;0,2335;0,5717;0,5782;0,5581;0,7665;13,38;15,72;20,68;710;686;789;363;982;998;929;1216;0,4196;0,4074;0,4593;0,2299;0,5804;0,5926;0,5407;0,7701;0,9759;0,2380;0,1838;0,0501;0,1271;0,0187;0,0853;0,1210;0,3339;0,0246
213401722;7500,00;4810;2690;4157;2374;4306;1873;0,1725;82259,04;99407,30;0,1725;45,20;54,62;0,4319;12803,94;22536,53;0,4319;7,04;12,38;0,1742;75773,01;91757,07;0,1791;41,63;50,72;0,4103;14216,56;24108,63;0,4103;7,81;13,25;0,6963;0,8952;58246,09;73925,51;89729,98;649;733;773;535;1223;1149;1112;1326;0,3467;0,3895;0,4101;0,2875;0,6533;0,6105;0,5899;0,7125;32,00;40,62;49,30;548;645;662;519;1079;994;980;1104;0,3368;0,3935;0,4032;0,3198;0,6632;0,6065;0,5968;0,6802;0,7117;0,0328;0,1518;0,2383;0,1047;0,0007;0,0307;0,0075;0,0805;0,0142
398972901;7500,00;4765;2735;4361;2397;1859;984;0,0960;28039,17;31016,07;0,0960;15,41;17,04;0,2996;576,58;823,25;0,2996;0,32;0,45;0,0783;29771,61;32302,13;0,0980;16,36;18,13;0,2812;597,23;830,84;0,2812;0,33;0,46;0,3598;0,3901;20906,65;26325,10;30585,01;1032;704;602;397;881;1174;1264;1446;0,5395;0,3749;0,3226;0,2154;0,4605;0,6251;0,6774;0,7846;11,49;14,46;16,80;862;598;548;389;840;1091;1139;1291;0,5065;0,3541;0,3248;0,2315;0,4935;0,6459;0,6752;0,7685;0,9433;0,0031;0,2680;0,2878;0,1412;0,0405;0,2074;0,1819;0,8945;0,0405
775701477;7500,00;4474;3026;3946;3024;4447;2250;0,1917;89937,73;111263,32;0,1917;49,42;61,13;0,3366;14265,93;21504,35;0,3366;7,84;11,82;0,1899;87678,15;108225,67;0,1767;48,17;58,52;0,2297;15416,72;20013,86;0,2297;8,47;11,00;0,7436;0,9940;56095,65;90748,93;103234,74;971;697;655;703;923;1172;1211;1168;0,5127;0,3729;0,3510;0,3757;0,4873;0,6271;0,6490;0,6243;30,82;49,86;56,72;988;682;632;722;803;1045;1085;1013;0,5516;0,3949;0,3681;0,4161;0,4484;0,6051;0,6319;0,5839;0,7823;0,0842;0,0528;0,1894;0,0279;0,0102;0,0314;0,0653;0,2425;0,0270
597020841;7500,00;4364;3136;3869;3073;1862;1221;0,0580;36485,12;38732,81;0,0580;20,05;21,28;0,1840;596,14;730,59;0,1840;0,33;0,40;0,0503;36610,73;38551,60;0,0700;20,12;21,63;0,2505;536,35;715,62;0,2505;0,29;0,39;0,3893;0,4267;23439,77;32210,86;41380,77;1187;845;705;399;808;1048;1147;1361;0,5950;0,4464;0,3807;0,2267;0,4050;0,5536;0,6193;0,7733;12,88;17,70;22,74;1153;845;704;371;719;918;1009;1223;0,6159;0,4793;0,4110;0,2327;0,3841;0,5207;0,5890;0,7673;0,6755;0,3347;0,2301;0,2583;0,1112;0,0202;0,2440;0,1298;0,5600;0,0436
200094332;7500,00;4129;3371;3577;3262;3581;2505;0,2592;83741,67;113046,11;0,2592;46,01;62,11;0,4063;6258,95;10542,50;0,4063;3,44;5,79;0,2448;79666,36;105487,21;0,2456;43,77;58,02;0,2665;6762,57;9219,39;0,2665;3,72;5,07;0,7431;0,8673;69109,23;97836,99;113569,30;1015;790;766;800;877;1080;1101;1071;0,5365;0,4225;0,4103;0,4276;0,4635;0,5775;0,5897;0,5724;37,97;53,76;62,40;983;756;747;776;762;941;948;926;0,5633;0,4455;0,4407;0,4559;0,4367;0,5545;0,5593;0,5441;0,7057;0,0292;0,0103;0,1035;0,1911;0,0280;0,2696;0,0230;0,5388;0,0306
338253081;7500,00;4415;3085;4364;2915;2200;1262;0,0574;35472,64;37633,46;0,0574;19,49;20,68;0,1243;489,16;558,59;0,1243;0,27;0,31;0,0597;38121,99;40543,81;0,0725;20,95;22,58;0,1596;514,43;612,11;0,1596;0,28;0,34;0,4091;0,4983;23920,62;33181,65;37644,07;987;843;882;373;924;1044;1011;1436;0,5165;0,4467;0,4659;0,2062;0,4835;0,5533;0,5341;0,7938;13,14;18,23;20,68;895;819;848;353;946;1012;988;1418;0,4861;0,4473;0,4619;0,1993;0,5139;0,5527;0,5381;0,8007;0,5685;0,2010;0,1460;0,0274;0,1677;0,0011;0,1795;0,1587;0,6013;0,0359
572102176;7500,00;4421;3079;3816;2812;3866;2288;0,2502;89543,00;119429,76;0,2502;49,20;65,62;0,2479;21541,91;28642,02;0,2479;11,84;15,74;0,2454;95814,20;126970,01;0,2624;52,65;71,37;0,2377;20008,84;26249,45;0,2377;10,99;14,42;0,7431;0,8745;81598,86;87575,00;110020,10;775;804;817;683;1100;1070;1057;1194;0,4133;0,4290;0,4360;0,3639;0,5867;0,5710;0,5640;0,6361;44,83;48,12;60,45;680;773;714;645;975;889;943;1009;0,4109;0,4651;0,4309;0,3900;0,5891;0,5349;0,5691;0,6100;0,6627;0,4878;0,0722;0,1467;0,1142;0,0468;0,2338;0,1628;0,0144;0,0352
784939688;7500,00;3862;3638;3337;3425;1207;1036;0,0562;30917,43;32756,82;0,0562;16,99;18,00;0,1809;389,64;475,68;0,1809;0,21;0,26;0,0379;29248,24;30400,42;0,0658;16,07;17,20;0,2760;385,67;532,68;0,2760;0,21;0,29;0,2848;0,3125;17081,79;27306,35;34910,66;1108;959;1034;537;783;920;852;1307;0,5859;0,5104;0,5483;0,2912;0,4141;0,4896;0,4517;0,7088;9,39;15,00;19,18;1053;909;935;528;671;790;769;1107;0,6108;0,5350;0,5487;0,3229;0,3892;0,4650;0,4513;0,6771;0,7171;0,1544;0,2009;0,0133;0,0582;0,0497;0,2580;0,0390;0,3620;0,0449